,name,category
0,Deorex Body Odorizer Non Fragrance Spray 60 ml,deodoran-dan-pewangi
1,MBK Silver Powder 12 Sachet,deodoran-dan-pewangi
2,Caladine Adult Caring Powder 100 g,deodoran-dan-pewangi
3,Caladine Powder Adult 60 g,deodoran-dan-pewangi
4,Casablanca Anti Perspirant Roll On for Women White 50 ml,deodoran-dan-pewangi
5,Casablanca Body Mist Cologne Spray 100 ml,deodoran-dan-pewangi
6,Casablanca Femme Body Mist Cologne Classic 50 ml,deodoran-dan-pewangi
7,Casablanca Femme Body Mist Cologne Illussion 100 ml,deodoran-dan-pewangi
8,Casablanca Femme Body Mist Cologne Romantic 50 ml,deodoran-dan-pewangi
9,Casablanca Femme Parfume Body Spray Rose 100 ml,deodoran-dan-pewangi
10,Casablanca Femme Parfume Body Spray Rose 200 ml,deodoran-dan-pewangi
11,Casablanca Femme Parfume Body Spray Rouge 100 ml,deodoran-dan-pewangi
12,Casablanca Homme Body Mist Cologne Ambitious 50 ml,deodoran-dan-pewangi
13,Casablanca Homme Body Mist Cologne Intense 100 ml,deodoran-dan-pewangi
14,Dove Anti Perspirant Powder Soft Roll On 40 ml,deodoran-dan-pewangi
15,Dove Deodorant Sensitive Anti Perspirant Roll On 40 ml,deodoran-dan-pewangi
16,Dove Whitening Original Roll On 40 ml,deodoran-dan-pewangi
17,Emina Body Mist Indian Summer 80 ml,deodoran-dan-pewangi
18,Emina Body Mist Pixie Dust 80 ml,deodoran-dan-pewangi
19,EvanGeline Eau De Parfum Spray Vaporisateur Capricorn 50 ml,deodoran-dan-pewangi
20,EvanGeline Eau De Parfum Spray Vaporisateur Virgo 50 ml,deodoran-dan-pewangi
21,Evangeline Eau De Parfum Natural Spray Angel 60 ml,deodoran-dan-pewangi
22,Evangeline Eau De Parfum Natural Spray Elle 100ml,deodoran-dan-pewangi
23,Evangeline Eau De Parfum Natural Spray Evolve 100 ml,deodoran-dan-pewangi
24,Evangeline Eau De Parfum Natural Spray Pink Sakura 100 ml,deodoran-dan-pewangi
25,Evangeline Eau De Parfum Natural Spray Red Sakura 100 ml,deodoran-dan-pewangi
26,Evangeline Eau De Parfum Natural Spray White Sakura 100 ml,deodoran-dan-pewangi
27,Fres & Natural Spray Cologne Hijab Refresh Desert Queen 100 ml,deodoran-dan-pewangi
28,Harum Sari Bedak BB Ekstra Wangi 10 Sachet,deodoran-dan-pewangi
29,Herborist Natural Scent Green Tea 120 ml,deodoran-dan-pewangi
30,Imperial Leather Body Mist Mermaid Magic 100 ml,deodoran-dan-pewangi
31,Izzi Body Mist Dazzling Love 60 ml,deodoran-dan-pewangi
32,Izzi Body Mist Eternal Love 100 ml,deodoran-dan-pewangi
33,Izzi Body Mist Forever Love 100 ml,deodoran-dan-pewangi
34,Izzi Body Mist Magical Love 100 ml,deodoran-dan-pewangi
35,Izzi Body Mist Magical Love 60 ml,deodoran-dan-pewangi
36,Izzi Body Mist True Love 100 ml,deodoran-dan-pewangi
37,Izzi Body Mist True Love 60 ml,deodoran-dan-pewangi
38,Kahf Eau De Toilette Revered Oud 35 ml,deodoran-dan-pewangi
39,Kahf Soothing Antiperspirant Deodorant Roll On 50 ml,deodoran-dan-pewangi
40,MBK Deodorant Roll On Black 40 ml,deodoran-dan-pewangi
41,MBK Deodorant Roll On Blue 40 ml,deodoran-dan-pewangi
42,MBK Deodorant Roll On Pink 40 ml,deodoran-dan-pewangi
43,MBK Deodorant Roll On Purple 40 ml,deodoran-dan-pewangi
44,MBK Powder 12 Sachet,deodoran-dan-pewangi
45,MBK Putih Powder 60 g,deodoran-dan-pewangi
46,MBK Silver Powder 60 g,deodoran-dan-pewangi
47,Morris Body Mist Confidence 50 ml,deodoran-dan-pewangi
48,Musk By Lilian Ashley Body Spray White 100 ml,deodoran-dan-pewangi
49,Mustika Puteri Body Splash Chamomile 135 ml,deodoran-dan-pewangi
50,Mustika Puteri Body Splash Flower Bouquet 135 ml,deodoran-dan-pewangi
51,Mustika Puteri Body Splash Orchid 135 ml,deodoran-dan-pewangi
52,Mustika Puteri Body Splash Orchid 245 ml,deodoran-dan-pewangi
53,Mustika Puteri Body Splash Rose Mango 135 ml,deodoran-dan-pewangi
54,Mustika Puteri Body Splash White Lily 135 ml,deodoran-dan-pewangi
55,Mustika Puteri Body Splash White Lily 245 ml,deodoran-dan-pewangi
56,Mustika Puteri Lime Jasmine 135 ml,deodoran-dan-pewangi
57,Mustika Puteri Lime Jasmine 245 ml,deodoran-dan-pewangi
58,Nivea Deodorant Dry Comfort Roll On 25 ml,deodoran-dan-pewangi
59,Nivea Deodorant Dry Comfort Roll On 50 ml,deodoran-dan-pewangi
60,Nivea Deodorant Extra Whitening Roll On 25 ml,deodoran-dan-pewangi
61,Nivea Deodorant Extra Whitening Roll On 50 ml,deodoran-dan-pewangi
62,Nivea Deodorant Extra Whitening Spray 150 ml,deodoran-dan-pewangi
63,Nivea Deodorant Invisible for Black & White Spray 150 ml,deodoran-dan-pewangi
64,Nivea Deodorant Pearl & Beauty Roll On 50 ml,deodoran-dan-pewangi
65,Nivea Deodorant Pearl & Beauty Spray 150 ml,deodoran-dan-pewangi
66,Nivea Deodorant Whitening Happy Shave Roll On 50 ml,deodoran-dan-pewangi
67,Nivea Deodorant Whitening Hijab Fresh Roll On 50 ml,deodoran-dan-pewangi
68,Nivea Deodorant Whitening Silk Touch Roll On 50 ml,deodoran-dan-pewangi
69,Nivea Whitening Deodorant Spray Hijab Fresh 150 ml,deodoran-dan-pewangi
70,Perspirex Anti Perspirant Comfort Roll On 20 ml,deodoran-dan-pewangi
71,Perspirex Anti Perspirant Men Roll On 20 ml,deodoran-dan-pewangi
72,Perspirex Anti Perspirant Original Roll On 20 ml,deodoran-dan-pewangi
73,Perspirex Anti Perspirant Strong Roll On 20 ml,deodoran-dan-pewangi
74,Posh Body Spray Blaze Pink 150 ml,deodoran-dan-pewangi
75,Posh Body Spray Fresh Spirit 150 ml,deodoran-dan-pewangi
76,Posh Deodorant Roll On Anti Stain 50 ml,deodoran-dan-pewangi
77,Posh Deodorant Roll On Charcoal 50 ml,deodoran-dan-pewangi
78,Posh Men Body Spray Cool Blue 150 ml,deodoran-dan-pewangi
79,Regazza Spray Cologne Passionate 100 ml,deodoran-dan-pewangi
80,Rexona Women Advance Whitening Deo Roll On 50 ml,deodoran-dan-pewangi
81,Rexona Women Anti-Perspirant Advanced Whitening Deodorant Spray 150 ml,deodoran-dan-pewangi
82,Rexona Women Free Spirit Deo Spray 150 ml,deodoran-dan-pewangi
83,Rexona Women Free Spirit Roll On 50 ml,deodoran-dan-pewangi
84,Rexona Women Naturals Roll On 50 ml,deodoran-dan-pewangi
85,Rexona Women Oxygen Roll On 40 ml,deodoran-dan-pewangi
86,Rexona Women Whitening Roll On 45 ml,deodoran-dan-pewangi
87,Rodeca Bedak Natural 60 g,deodoran-dan-pewangi
88,Sariayu Eksotika Tanjung Body Splash Cologne 150 ml,deodoran-dan-pewangi
89,Sixsence Body Scent Dream About You Glamorous Orange 100 ml,deodoran-dan-pewangi
90,Sixsence Body Scent Maddly In Love Dazzling Purple 100 ml,deodoran-dan-pewangi
91,Sixsence Body Scent Missing You Crystal Blue 100 ml,deodoran-dan-pewangi
92,Victoria Body Scent Chic 120 ml,deodoran-dan-pewangi
93,Vitalis Body Scent Belle 120 ml,deodoran-dan-pewangi
94,Vitalis Body Scent Belle 60 ml,deodoran-dan-pewangi
95,Vitalis Body Scent Bless 60 ml,deodoran-dan-pewangi
96,Vitalis Body Scent Blissful 120 ml,deodoran-dan-pewangi
97,Vitalis Body Scent Blossom 120 ml,deodoran-dan-pewangi
98,Vitalis Body Scent Breeze 120 ml,deodoran-dan-pewangi
99,Vitalis Body Scent Glamour Fantasy 120 ml,deodoran-dan-pewangi
100,Vitalis Exotic Body Scent Caribbean Getaway 100 ml,deodoran-dan-pewangi
101,Vivelle Eau De Toilette Blue 100 ml,deodoran-dan-pewangi
102,Wardah Eau De Toilette Flame 35 ml,deodoran-dan-pewangi
103,Wardah Roll On for Her 60 ml,deodoran-dan-pewangi
104,Wardah Roll On for Him 60 ml,deodoran-dan-pewangi
105,Wardah Scentsation Body Mist Bliss 100 ml,deodoran-dan-pewangi
106,Wardah Scentsation Body Mist Joyful 100 ml,deodoran-dan-pewangi
107,Wardah Scentsation Body Mist Peaceful 100 ml,deodoran-dan-pewangi
108,Wardah Scentsation Body Mist Purity 100 ml,deodoran-dan-pewangi
109,Wardah Scentsation Eau De Toilette Bliss 35 ml,deodoran-dan-pewangi
110,Wardah Scentsation Eau De Toilette Joyful 35 ml,deodoran-dan-pewangi
111,Wardah Scentsation Eau De Toilette Passion 35 ml,deodoran-dan-pewangi
112,Wardah Scentsation Eau De Toilette Peaceful 35 ml,deodoran-dan-pewangi
113,Zwitsal Body Mist For Adult 100 ml,deodoran-dan-pewangi
114,Diapro Underpad XL 10 Pieces,produk-sekali-pakai
115,Easy Go Man Dsposable Briefs Size M,produk-sekali-pakai
116,Easy Go Woman Dsposable Briefs Size L,produk-sekali-pakai
117,Easy Go Woman Dsposable Briefs Size M,produk-sekali-pakai
118,Diapro Underpad XL 10 Pieces,lainnya-15
119,Menstrucare,lainnya-15
120,Lifree Popok Dewasa Celana Xl 12 Pieces,lainnya-15
121,Nice Facial Tissue 250 Lembar,lainnya-15
122,Paseo Tissue Elegant 250 Lembar,lainnya-15
123,Biore Guard Foaming Hand Soap Fresh Antibacterial Refill 250 ml,lainnya-15
124,Char Mi Ear Pick Refill 36 Pcs,lainnya-15
125,Char Mi Earpick Art 185 50 Pcs,lainnya-15
126,Confidence Adult Classic L 7 Pieces,lainnya-15
127,Confidence Adult Classic Night L 7 Pieces,lainnya-15
128,Confidence Adult Classic Night M 8 Pieces,lainnya-15
129,Confidence Adult Classic XL 6 Pieces,lainnya-15
130,Confidence Adult Diapers M 15 Pieces,lainnya-15
131,Confidence Adult Diapers M 8 Pieces,lainnya-15
132,Confidence Adult Diapers Xl 15 Pieces,lainnya-15
133,Confidence Adult Pants Heavy Flow L 10 Pieces,lainnya-15
134,Confidence Adult Pants L 10 Pieces,lainnya-15
135,Confidence Adult Pants L 4 Pieces,lainnya-15
136,Confidence Adult Pants M 10 Pieces,lainnya-15
137,Confidence Adult Pants M 16 Pieces,lainnya-15
138,Confidence Adult Pants M 5 Pieces,lainnya-15
139,Confidence Adult Pants XL 10 Pieces,lainnya-15
140,Confidence Adult Pants XL 3 Pieces,lainnya-15
141,Confidence Adult Premium M 8 Pieces,lainnya-15
142,Dr Kang Disp Size L Adult Diapers 8 Pieces,lainnya-15
143,Dr Kang Disp Size M Adult Diapers 8 Pieces,lainnya-15
144,Dr Kang Disp Size XL Adult Diapers 8 Pieces,lainnya-15
145,Dr Kang Disp Size Xxl Adult Diapers 8 Pads,lainnya-15
146,Dr Kang Pull Up Pants Size L Adult Diaper 3 Pads,lainnya-15
147,Dr Kang Pull Up Pants Size XL Adult Diaper 3 Pads,lainnya-15
148,Dr P Adult Diaper Basic L 2,lainnya-15
149,Dr P Adult Diaper Basic L 8 Pieces,lainnya-15
150,Dr P Adult Diaper Basic M 2,lainnya-15
151,Dr P Adult Diaper Special M 10 Pads,lainnya-15
152,Dr P Adult Diapers Basic M 10 Pads,lainnya-15
153,Dr P Adult Diapers Basic XL 8,lainnya-15
154,Dr P Adult Diapers Special L 8,lainnya-15
155,Glizigen Aerosol 30 ml,lainnya-15
156,Guardian Flite Mate 1 Pair,lainnya-15
157,Guardian Hand Wash Sweet Strawberry Refill 450 ml,lainnya-15
158,Guardian Silicon Ear Plugs 3 Pair,lainnya-15
159,Lifree Popok Dewasa Celana Extra Serap L Isi 4,lainnya-15
160,Lifree Popok Dewasa Celana Extra Serap M Isi 5,lainnya-15
161,Lifree Popok Dewasa Celana Extra Serap XL 3 Pieces,lainnya-15
162,Lifree Popok Dewasa Celana L 16 Pieces,lainnya-15
163,Lifree Popok Dewasa Celana L 4 Pieces,lainnya-15
164,Lifree Popok Dewasa Celana M 5 Pieces,lainnya-15
165,Lifree Popok Dewasa Celana Xl 3 Pieces,lainnya-15
166,Lifree Popok Dewasa Perekat L 1 Piece,lainnya-15
167,Lifree Popok Dewasa Perekat L 16 Pieces,lainnya-15
168,Lifree Popok Dewasa Perekat L 8 Pieces,lainnya-15
169,Lifree Popok Dewasa Perekat M 18 Pieces,lainnya-15
170,Lifree Popok Dewasa Perekat M 9 Pieces,lainnya-15
171,Lifree Popok Dewasa Perekat Xl 14 Pieces,lainnya-15
172,Masker Maskit Reusable Multiprotection Mask Adult XL 1 Pieces,lainnya-15
173,Montis Tissue 250 Lembar,lainnya-15
174,Nice Facial Tissue 200 Lembar,lainnya-15
175,Nice Tissue Facial 900 gr,lainnya-15
176,Off for Family Spray 150 g,lainnya-15
177,Oto Adult Diapers L 14 Pieces,lainnya-15
178,Oto Adult Diapers L 7 Pieces,lainnya-15
179,Oto Adult Diapers L 8 Pieces,lainnya-15
180,Oto Adult Diapers M 10 Pieces,lainnya-15
181,Oto Adult Diapers M 14 Pieces,lainnya-15
182,Oto Adult Diapers XL 12 Pieces,lainnya-15
183,Oto Adult Diapers XL 6 Pieces,lainnya-15
184,Oto Adult Pants L 16 Pieces,lainnya-15
185,Oto Adult Pants L 8 Pieces,lainnya-15
186,Oto Adult Pants M 8 Pieces,lainnya-15
187,Oto Adult Pants XL 12 Pieces,lainnya-15
188,Oto Adult Pants XL 8 Pieces,lainnya-15
189,Pamperindo Adult Diapers L 7 Pieces,lainnya-15
190,Pamperindo Adult Diapers M 8 Pieces,lainnya-15
191,Pamperindo Adult Diapers Xl 6 Pieces,lainnya-15
192,Paseo Cleansing Wipes Antibacterial 50 Sheets,lainnya-15
193,Paseo Tissue Smart 250 Lembar,lainnya-15
194,Paseo Tissue Smart 50 Lembar,lainnya-15
195,Peepis Kantong Urine Merah,lainnya-15
196,Pinset 1 Piece (Random Varian),lainnya-15
197,Sava Facial Tissue 250 Sheets,lainnya-15
198,Sensi Adult Diapers L 10 Pieces,lainnya-15
199,Sensi Adult Diapers M 10 Pieces,lainnya-15
200,Sensi Adult Diapers M 2 Pieces,lainnya-15
201,Sensi Adult Diapers Xl 8 Pieces,lainnya-15
202,Soffell Geranium Lotion 50 g,lainnya-15
203,Soffell Geranium Lotion 80 g,lainnya-15
204,Soffell Kulit Jeruk Lotion 80 g,lainnya-15
205,Soffell Kulit Jeruk Spray 80 ml,lainnya-15
206,Sukha Natural Deep Sleep Aid Aromatherapy Spray 100 ml,lainnya-15
207,Sukha Natural Deep Sleep Aid Aromatherapy Spray 250 ml Refill,lainnya-15
208,Tessa Tissue Refill 250 Lembar,lainnya-15
209,Tessa Travel Tp-09 Pack 50 Lembar,lainnya-15
210,Top Adult Diapers Perekat L 7 Pieces,lainnya-15
211,Top Adult Diapers Perekat XL 6 Pieces,lainnya-15
212,Top Adult Pants L 10 Pieces,lainnya-15
213,Top Adult Pants M 10 Pieces,lainnya-15
214,Top Adult Pants XL 10 Pieces,lainnya-15
215,Top Underpads 60 x 90 cm 10 Pieces,lainnya-15
216,Watsons Aromatherapy Lavender Insoles 1 Pair,lainnya-15
217,Watsons Odour Stop Insoles 1 Pair,lainnya-15
218,We Care Adult Diapers L 2 Pieces,lainnya-15
219,We Care Adult Diapers L 8 Pieces,lainnya-15
220,We Care Adult Diapers M 10 Pieces,lainnya-15
221,We Care Adult Diapers M 2 Pieces,lainnya-15
222,We Care Adult Diapers M 8 Pieces,lainnya-15
223,We Care Adult Diapers XL 2 Pieces,lainnya-15
224,We Care Adult Diapers XL 8 Pieces,lainnya-15
225,Emina Eye Shadow Pop Rouge Blue 3.3 g,bibir
226,Emina Eye Shadow Pop Rouge Frosted 3.3 G,bibir
227,Emina Eye Shadow Pop Rouge Purple 3.3 g,bibir
228,Emina Glossy Stain 01 Autumn Bell,bibir
229,Emina Glossy Stain 05 Spring Dazzle,bibir
230,Emina Lip Shine Wineberry,bibir
231,Emina Lip Tint Eraser,bibir
232,Emina Lip Tint Magic Potion 02 Sunglow,bibir
233,Emina Lip Tint Magic Potion 03 Smitten,bibir
234,Emina Lipstick Creamatte 01 Chocolava,bibir
235,Emina Lipstick Creamatte 03 Mauvelous,bibir
236,Emina Lipstick Creamatte 04 Frostbite,bibir
237,Emina Lipstick Creamatte 06 Jelly Bean,bibir
238,Emina Lipstick Creamatte 08 Pumpkin Spice,bibir
239,Emina Lipstick Creamatte 10 Starfish,bibir
240,Emina Lipstick Creamatte 12 Perky Plum,bibir
241,Emina Lipstick Creamatte 16 Soda Gembira,bibir
242,Emina Lipstick Creamatte 18 Onde-onde,bibir
243,Emina Lipstick Creamatte 19 Pisang Cokelat,bibir
244,Emina Lipstick Sugar Rush 01 Pink Velvet,bibir
245,Emina Lipstick Sugar Rush 04 Maroon Macaroon,bibir
246,Emina Moist In A Bottle 50 ml,bibir
247,Fanbo Precious White Eyebrow Pencil Natural Gray,bibir
248,Holika Holika Golden Monkey Glamour Lip 3 - Step Kit,bibir
249,Inez Color Contour Plus Fine Line Eyeliner Waterproof,bibir
250,Inez Contour + Lipstick 12 Wild Fuchsia,bibir
251,LT Pro Long Lasting Matte Lip Cream 01,bibir
252,LT Pro Long Lasting Matte Lip Cream 05,bibir
253,LT Pro Long Lasting Matte Lip Cream 06,bibir
254,LT Pro Long Lasting Matte Lip Cream 10,bibir
255,LT Pro Long Lasting Matte Lip Cream 12,bibir
256,LT Pro Millenial Duo Lips 02 Chocolate,bibir
257,La Tulipe Eye Shadow 03 Day Cream 6 g,bibir
258,La Tulipe Stay Matte Lip Cream 03,bibir
259,La Tulipe Stay Matte Lip Cream 06,bibir
260,Lip Ice Color Naughty Red,bibir
261,Lip Ice Color Pretty Pink,bibir
262,Lip Ice Matte Cream Nude,bibir
263,Lip Ice Sheer Color With Beeswax Orange,bibir
264,Lip On Lip Matte Peony,bibir
265,Loreal Brow Artist Designer Pro 01 Dark Brown,bibir
266,Loreal Brow Artist Xpert 105 Brunette,bibir
267,Loreal Infallible Ultra Matte Les Macarons Liquid Lipstick 824 Guava Gush,bibir
268,Loreal Lip Gloss Infallible Pro Matte 308 Shanghai Scarlet,bibir
269,Loreal Lip Gloss Infallible Pro Matte 310 Forbidden Kiss,bibir
270,Loreal Lip Gloss Infallible Pro Matte 312 Rouge Envy,bibir
271,Loreal Lip Gloss Infallible Pro Matte 314 Nude Allude,bibir
272,Loreal Lip Gloss Infallible Pro Matte 366 Stirred,bibir
273,Loreal Lip Gloss Infallible Ultra Matte 362 Plum Bum,bibir
274,Loreal Lip Gloss Infallible Ultra Matte 368 Matador,bibir
275,Loreal Lip Gloss Infallible Ultra Matte 372 Petal Potion,bibir
276,Loreal Lipstick Color Riche 618 George V Caramel,bibir
277,Loreal Lipstick Color Riche 621 Sangaria Allure,bibir
278,Loreal Lipstick Rouge Signature 105 I Rule,bibir
279,Loreal Lipstick Rouge Signature 112 I Achieve,bibir
280,Loreal Lipstick Rouge Signature 119 I Dream,bibir
281,Loreal Lipstick Rouge Signature 121 I Choose,bibir
282,Loreal Lipstick Rouge Signature 130 I Amazed,bibir
283,Loreal Lipstick Rouge Signature 143 I Liberate,bibir
284,Loreal Lipstick Rouge Signature 145 I Convince,bibir
285,Loreal Lipstick Rouge Signature 147 I Believe,bibir
286,Loreal Lipstick Rouge Signature 151 I Insist,bibir
287,Loreal Lipstick Shine On By Color Riche 910 Plum Pompidou,bibir
288,Loreal Lipstick Shine On By Color Riche 911 Mauve Intensite,bibir
289,Loreal Mascara Voluminous Lash Paradise Black,bibir
290,Loreal Micro Tattoo Brow Artist 103 Cool Brunette,bibir
291,Loreal Unbelieva Brow Gel 112 Dark Brown,bibir
292,Loreal Unbelieva Brow Gel 114 Light Brown,bibir
293,Make Over Cliquematte Lip Stylo 210 Hotshot 2 G,bibir
294,Make Over Color Hypnose Creamy Lipmatte 03 Allure,bibir
295,Make Over Hydrastay Smooth Lip Whip C08 Devoted,bibir
296,Make Over Intense Matte Lip Cream 004 Vanity 6.5 g,bibir
297,Marcks Venus Soft Matte Lip Cream No. 3 Phengaris,bibir
298,Marcks Venus Soft Matte Lip Cream No. 5 Chilades,bibir
299,Marcks Venus Soft Matte Lip Cream No. 6 Jamides,bibir
300,Marcks Venus Soft Matte Lip Cream No. 8 Myscelia,bibir
301,Marcks Venus Soft Matte Lip Cream No. 9 Anthene,bibir
302,Marcks Venus Water Shine Lipstick No. 3 Rubina,bibir
303,Marcks Venus Water Shine Lipstick No. 4 Cheryl,bibir
304,Maybelline Brwlner Fshn Brwpen Brown,bibir
305,Maybelline Colorsensational Lip Gradation Pink2,bibir
306,Maybelline Crayon Liner Black,bibir
307,Maybelline Creamy Mattes Colorsensation Smitten Mnu16,bibir
308,Maybelline Fashion Brow Cream Pencil Grey,bibir
309,Maybelline Fashion Brow Ultra Fluffy Br-4 0.2 g,bibir
310,Maybelline Line Tattoo High Impact Eyeliner Black,bibir
311,Maybelline Lipstick Color Sensational The Powder Mattes Almond Pink,bibir
312,Maybelline Lipstick Color Sensational The Powder Mattes Avenue C,bibir
313,Maybelline Lipstick Color Sensational The Powder Mattes Cherry Chic,bibir
314,Maybelline Lipstick Color Sensational The Powder Mattes Nude Illusion,bibir
315,Maybelline Lipstick Color Sensational The Powder Mattes Pink Potion,bibir
316,Maybelline Lipstick Color Sensational The Powder Mattes Pink Shot,bibir
317,Maybelline Lipstick Color Sensational The Powder Mattes Plum Perfection,bibir
318,Maybelline Lipstick Color Sensational The Powder Mattes Technically Pink,bibir
319,Maybelline Lipstick Color Sensational The Powder Mattes Touch Of Nude,bibir
320,Maybelline Lipstick Color Sensational The Powder Mattes Up To Date,bibir
321,Maybelline Lipstick Color Sensational Ultimatte 1199 More Almond,bibir
322,Maybelline Lipstick Color Sensational Ultimatte 1299 More Spice,bibir
323,Maybelline Lipstick Color Sensational Ultimatte 299 More Scarlet,bibir
324,Maybelline Lipstick Color Sensational Ultimatte 499 More Blush,bibir
325,Maybelline Lipstick Color Sensational Ultimatte 599 More Mauve,bibir
326,Maybelline Lipstick Color Sensational Ultimatte 699 More Buff,bibir
327,Maybelline Lipstick Shine Compulsion Spk 21 Mauve Mayhem,bibir
328,Maybelline Lipstick Super Stay Matte Ink 50 Voyager 5 ml,bibir
329,Maybelline Lipstick Super Stay Matte Ink 75 Fighter 5 ml,bibir
330,Maybelline Lipstick Super Stay Matte Ink 80 Ruler 5 ml,bibir
331,Maybelline Lipstick Superstay Matte Ink 115 Founder 5 ml,bibir
332,Maybelline Lipstick Superstay Matte Ink 117 Ground Breaker 5 ml,bibir
333,Maybelline Lipstick Superstay Matte Ink 125 Inspirer 5 ml,bibir
334,Maybelline Lipstick Superstay Matte Ink 135 globetrotter 5 ml,bibir
335,Maybelline Lipstick Superstay Matte Ink 150 Savant 5 ml,bibir
336,Maybelline Lipstick Superstay Matte Ink 170 Inititator 5 ml,bibir
337,Maybelline Lipstick Superstay Matte Ink 220 Ambitious 5 ml,bibir
338,Maybelline Lipstick Superstay Matte Ink 240 Testy 5 ml,bibir
339,Maybelline Lipstick Superstay Matte Ink 285 Gritty 5 ml,bibir
340,Maybelline Lipstick Superstay Matte Ink 315 Extraordinary 5 ml,bibir
341,Maybelline Lipstick Superstay Matte Ink 335 Hustler 5 ml,bibir
342,Maybelline Lipstick Superstay Matte Ink 360 Discover 5 ml,bibir
343,Maybelline Mascara Hypercurl Black,bibir
344,Maybelline Mascara Volum Express The Magnum Black,bibir
345,Maybelline Primer Baby Skin Instant Pore Eraser,bibir
346,Maybelline Sensational Liquid Matte Colorsensational 03 Flush It,bibir
347,Maybelline Superstay Ink Crayon 25 Stay Exceptional,bibir
348,Maybelline Superstay Ink Crayon 30 Seek Adventure,bibir
349,Maybelline Superstay Ink Crayon 35 Treat Your Self,bibir
350,Maybelline Superstay Ink Crayon 40 Laught Louder,bibir
351,Maybelline Superstay Ink Crayon 55 Make It Happen,bibir
352,Maybelline Superstay Ink Crayon 80 Run The World,bibir
353,Maybelline Superstay Ink Crayon 85 Change Is Good,bibir
354,Maybelline Superstay Ink Crayon 90 Keep It Fun,bibir
355,Maybelline Tattoo Brow Pencil Dark Brown,bibir
356,Maybelline The Colossal Waterproof Mascara,bibir
357,Maybelline The Falsies Lash Lift Mascara,bibir
358,Mazaya Lip Matte Moist 07,bibir
359,Pixy Eye Shadow 08 Violet Magnificence,bibir
360,Pixy Line & Shadow Copper,bibir
361,Pixy Line & Shadow Mint,bibir
362,Pixy Lip Cream 02 Party Red 4 G,bibir
363,Pixy Lip Cream 03 Classic Red 4 G,bibir
364,Pixy Lip Cream 04 Fun Fuschia 4 G,bibir
365,Pixy Lip Cream 15 Uptown Peach 4 G,bibir
366,Pixy Lipstick Matte In Love 105 Divine Rouge,bibir
367,Pixy Lipstick Matte In Love 210 Blushing Rose,bibir
368,Pixy Lipstick Matte In Love 506 Serena Brown,bibir
369,Pixy Lipstick Silky Fit 222 Berry Rose,bibir
370,Pixy Lipstick Silky Fit 223 Electric Pink,bibir
371,Pixy Lipstick Silky Fit 317 Vibrant Fuchsia,bibir
372,Pixy Lipstick Silky Fit 406 Hazel Grace,bibir
373,Pixy Make It Glow Crayonttention 01 Maroon Vibes,bibir
374,Pixy Make It Glow Crayonttention 02 Redcited,bibir
375,Pixy Make It Glow Crayonttention 03 Unbrickable,bibir
376,Pixy Make It Glow Crayonttention 04 Fuschsiaristic,bibir
377,Pixy Make It Glow Crayonttention 05 Pinkception,bibir
378,Pixy Make It Glow Crayonttention 06 Pinkcredible,bibir
379,Pixy Make It Glow Crayonttention 07 Glamarose,bibir
380,Pixy Make It Glow Crayonttention 08 Mauvein On,bibir
381,Pixy Make It Glow Crayonttention 10 Brown This Way,bibir
382,Purbasari Hi Matte Lip Cream 01 Vinca 6.5 g,bibir
383,Purbasari Hi Matte Lip Cream 04 Zinia 6.5 g,bibir
384,Purbasari Hi Matte Lip Cream 05 Freesia 6.5 g,bibir
385,Purbasari Hi Matte Lip Cream 06 Dahlia 6.5 g,bibir
386,Purbasari Hi Matte Lip Cream 09 Ixia 6.5 g,bibir
387,Purbasari Hi-Matte Lip Cream 07 Viola,bibir
388,Purbasari Hi-Matte Lip Cream 08 Lunaria,bibir
389,Purbasari Intense Color Liquid Liner Jet Black,bibir
390,Purbasari Lipstick Color Matte 83 Ungu Coklat 4 G,bibir
391,Purbasari Lipstick Color Matte 84 Merah Cabe 4 G,bibir
392,Purbasari Lipstick Color Matte 85 Red Velvet 4 G,bibir
393,Purbasari Lipstick Color Matte 86 Coklat 4 g,bibir
394,Purbasari Lipstick Color Matte 87 Ungu Fanta 4 G,bibir
395,Purbasari Lipstick Color Matte 89 Merah Pink 4 G,bibir
396,Revlon Big Brush Mascara Black,bibir
397,Revlon Colorstay Eyeliner Black,bibir
398,Revlon Colorstay Eyeliner Brown,bibir
399,Revlon Eyeliner Pencil Black,bibir
400,Revlon Lips Makeup Remover,bibir
401,Revlon Matte Balm Fierce,bibir
402,Revlon Matte Balm Fiery,bibir
403,Revlon Matte Balm Passionate,bibir
404,Revlon Super Lustrous Lipstick Cream - Cherries In The Show 4.5 g,bibir
405,Revlon Super Lustrous Lipstick Cream - Ravish Me Red 4.5 g,bibir
406,Revlon Super Lustrous Lipstick Cream - Rosewine 4.5 g,bibir
407,Revlon Super Lustrous Lipstick Cream - Sassy Mauve 4.5 g,bibir
408,Revlon Super Lustrous Lipstick Creme Rum Raisin,bibir
409,Revlon Super Lustrous Lipstick No 423,bibir
410,Revlon Super Lustrous Lipstick No 525,bibir
411,Revlon Super Lustrous Lipstick No 740,bibir
412,Revlon Super Lustrous Matte Lipstick Crushed Rubbies,bibir
413,Revlon Super Lustrous Matte Lipstick Fiery Sunset,bibir
414,Revlon Super Lustrous Matte Lipstick Paradise Pink,bibir
415,Revlon Super Lustrous Matte Lipstick Pick Me Up,bibir
416,Revlon Super Lustrous Matte Lipstick Retro Red,bibir
417,Revlon Ultra HD Matte Lipcolor 600 Devotion,bibir
418,Revlon Ultra HD Matte Lipcolor 615 Temptation,bibir
419,Revlon Ultra HD Matte Lipcolor 625 Love,bibir
420,Revlon Ultra HD Matte Lipcolor 635 Passion,bibir
421,Revlon Ultra HD Matte Lipcolor 655 Kisses,bibir
422,Revlon Ultra HD Matte Lipcolor 660 Romance,bibir
423,Revlon Ultra Hd Matte Lipcolor Addiction 5.9 ml,bibir
424,Revlon Ultra Hd Matte Lipcolor Intensity 5.9 ml,bibir
425,Revlon Ultra Hd Matte Lipcolor Obsession 5.9 ml,bibir
426,Revlon Ultra Hd Matte Lipcolor Spark 5.9 ml,bibir
427,Revlon Volumazing Waterproof Mascara Blackest Black,bibir
428,Viva Eyebrow Pencil - Brown,bibir
429,Viva Queen Eye Brow Pencil Black,bibir
430,Viva Queen Eye Brow Pencil Dark Brown,bibir
431,Wardah Colorfit Last All Day Lip Paint 06 Infinite Coral,bibir
432,Wardah Colorfit Velvet Matte Lip Mousse 02 Joyful Orange,bibir
433,Wardah Colorfit Velvet Matte Lip Mousse 06 Fuchsia Lover,bibir
434,Wardah Colorfit Velvet Matte Mousse Lip 12 Chic Terracotta,bibir
435,Wardah Colorfit Velvet Matte Mousse Lip 13 Sweet Chinnamon,bibir
436,Wardah Crystallure Precious Liquid Lip Couture 01 Royale,bibir
437,Wardah Crystallure Precious Liquid Lip Couture 04 Haute,bibir
438,Wardah Exclusive Lipstick 33 Peach Brown 3.8 g,bibir
439,Wardah Exclusive Lipstick 40 Diva 3.8 g,bibir
440,Wardah Exclusive Matte Lip Cream 01 Red Dicted,bibir
441,Wardah Exclusive Matte Lip Cream 02 Fuschionately,bibir
442,Wardah Exclusive Matte Lip Cream 04 Pink Me,bibir
443,Wardah Exclusive Matte Lip Cream 05 Speachless,bibir
444,Wardah Exclusive Matte Lip Cream 08 Pinkcredible,bibir
445,Wardah Exclusive Matte Lip Cream 10 Berry Pretty,bibir
446,Wardah Exclusive Matte Lip Cream 11 Oh So Nude,bibir
447,Wardah Exclusive Matte Lip Cream 12 Plum It Up,bibir
448,Wardah Exclusive Matte Lip Cream 15 Pinky Plumise,bibir
449,Wardah Exclusive Matte Lip Cream 16 Heartbeet,bibir
450,Wardah Exclusive Matte Lip Cream 17 Rosy Cheek,bibir
451,Wardah Exclusive Matte Lipstick 01 Pink 3.8G,bibir
452,Wardah Exclusive Matte Lipstick 03 Red 3.8 g,bibir
453,Wardah Exclusive Matte Lipstick 04 Orange 3.8 g,bibir
454,Wardah Exclusive Matte Lipstick 07 Dark Violet 3.8 g,bibir
455,Wardah Exclusive Matte Lipstick 12 Maroon 3.8 g,bibir
456,Wardah Exclusive Matte Lipstick 17 Gorgeous Pink 3.8 g,bibir
457,Wardah Eye Shadow B,bibir
458,Wardah Eye Shadow K,bibir
459,Wardah Eye Shadow L,bibir
460,Wardah Eye Shadow M,bibir
461,Wardah Eyeliner Eyexpert Staylast Liquid,bibir
462,Wardah Hydro Gloss 01 Invisible Pink 3.8 g,bibir
463,Wardah Hydro Gloss 02 Autumn Peach 3.8 g,bibir
464,Wardah Hydro Gloss 04 Glazing Plump 3.8 g,bibir
465,Wardah Instaperfect Everlast Intense Matte Liquid 08 Dashing,bibir
466,Wardah Instaperfect Geniustwist Matic Contour Brow Brushed 01 Brown 0.25 g,bibir
467,Wardah Instaperfect Gloss Chic Lip Crayon 02 Clue 2.7 g,bibir
468,Wardah Instaperfect Lipstick Mattetitude Matte Stain 01 Swing 3.5 g,bibir
469,Wardah Instaperfect Lipstick Mattetitude Matte Stain 02 Noble 3.5 g,bibir
470,Wardah Instaperfect Lipstick Mattetitude Matte Stain 03 Femme 3.5 g,bibir
471,Wardah Instaperfect Lipstick Mattetitude Matte Stain 05 Flux 3.5 g,bibir
472,Wardah Instaperfect Mattecentric Lip Crayon 04 Joy,bibir
473,Wardah Instaperfect Mattesetter Lip Matte Paint 01 glee 5.5 g,bibir
474,Wardah Instaperfect Mattesetter Lip Matte Paint 08 Edge 5.5 g,bibir
475,Wardah Intense Matte Lipstick 01 Socialite Peach 2.5 g,bibir
476,Wardah Intense Matte Lipstick 02 Blushing Nude 2.5 g,bibir
477,Wardah Intense Matte Lipstick 03 Peach Perfect 2.5 g,bibir
478,Wardah Intense Matte Lipstick 06 Blooming Pink 2.5 g,bibir
479,Wardah Intense Matte Lipstick 07 Passionate Pink 2.5 g,bibir
480,Wardah Intense Matte Lipstick 08 Retro Red 2.5 g,bibir
481,Wardah Intense Matte Lipstick 09 Vibrant-Red 2.5 g,bibir
482,Wardah Intense Matte Lipstick 11 Choco Town 2.5 g,bibir
483,Wardah Intense Matte Lipstick 12 Lady Burgundy 2.5 g,bibir
484,Wardah Intense Matte Lipstick 14 Active Cerise 2.3 G,bibir
485,Wardah Intense Matte Lipstick 16 Pecan Pie 2.3 g,bibir
486,Wardah Lip Palett Perfect Red 10 g,bibir
487,Wardah Lipstick Exclusive 20 Pearl Pink,bibir
488,Wardah Lipstick Exclusive 29 Lavender 3.8 g,bibir
489,Wardah Lipstick Exclusive 34 Sweet Orchid 3.8 g,bibir
490,Wardah Lipstick Exclusive 44 Daring Brown 3.8 G,bibir
491,Wardah Lipstick Exclusive 45 Maroon Style 3.8 g,bibir
492,Wardah Lipstick Exclusive 46 Chic Magenta 3.8 g,bibir
493,Wardah Lipstick Exclusive 47 Light Rose 3.8 G,bibir
494,Wardah Lipstick Exclusive 48 Rosemary 3.8 g,bibir
495,Wardah Lipstick Exclusive 49 Chestnut 3.8 g,bibir
496,Wardah Lipstick Exclusive Pink Orchid,bibir
497,Wardah Lipstick Exclusive Rose Purple,bibir
498,Wardah Lipstick Exclusive Rubbish,bibir
499,Wardah Lipstick Exclusive Sheer Brown,bibir
500,Wardah Lipstick Exclusive Warm Rose,bibir
501,Wardah Lipstick Longlasting 07 Raspberry Hip,bibir
502,Wardah Lipstick Longlasting 08 Red Velvet,bibir
503,Wardah Lipstick Longlasting 11 Cherrie Glam,bibir
504,Wardah Lipstick Longlasting 13 Classic Brown,bibir
505,Wardah Lipstick Longlasting 16 Smooth Latte,bibir
506,Wardah Lipstick Longlasting 19 Sunrise Nude,bibir
507,Wardah Matte Lipstick 02 Pink 3.8 g,bibir
508,Wardah Matte Lipstick 08 Brown 3.8 g,bibir
509,Wardah Matte Lipstick 16 Summer Pink 3.8 g,bibir
510,Wardah Matte Lipstick 17 Gorgeous Pink 3.8 g,bibir
511,Wardah Matte Lipstick 19 Essential Nude 3.8 G,bibir
512,Wet N Wild Megalast Lip Color E918 D Cherry Bomb,bibir
513,Wet N Wild Megalast Liquid Catsuit Matte Lipstick E921 B Nudist Peach,bibir
514,Wet N Wild Megalast Liquid Catsuit Matte Lipstick E924 B Rebel,bibir
515,Aceton 200 ml,kuku
516,Aceton 60 ml,kuku
517,Aceton Nail Remover 50 ml,kuku
518,Rosary Polish Remover 50 ml Nail Polish,kuku
519,Aceton 30 ml,kuku
520,Barry M Breathable Nail Paint Cupcake 10 ml,kuku
521,Cap Gajah Aceton 50 ml,kuku
522,Happy Nail Polish Remover With Aloe Vera 65 ml,kuku
523,Happy Nail Polish Remover with Aloe Vera 35 ml,kuku
524,Revlon Colorstay Gel Envy Longwear Nail Enamel Hold Em,kuku
525,Revlon Double Twist 15 ml,kuku
526,Revlon Extra Moisturizing Nail Enamel Remover 150 ml,kuku
527,Revlon Nail Enamel Auntumn Berry,kuku
528,Revlon Nail Enamel Black Lingerie 14.7 ml,kuku
529,Revlon Nail Enamel Granite 14.7 ml,kuku
530,Revlon Nail Enamel Moonlit Mauve,kuku
531,Revlon Nail Enamel Raven Red 14.7 ml,kuku
532,Revlon Nail Enamel Really Rossy 14.7 ml,kuku
533,Revlon Nail Enamel Slate 14.7 ml,kuku
534,Tokyo Night Nail Polish Remover 76 ml,kuku
535,Wet N Wild Wild Shine Nail Color E476 E Red Red,kuku
536,Artisan Professionnel Touche 3D Lashes 6776,aksesoris-2
537,Blink Charm False Lashes 1 Sensual Curls,aksesoris-2
538,Blink Charm False Lashes 1 Sweet Classic,aksesoris-2
539,Blink Charm False Lashes 2 Natural Flair,aksesoris-2
540,Blink Charm False Lashes 3 Sweet Classic,aksesoris-2
541,Kuas Lipstik Triguna,aksesoris-2
542,Lavie Fleur Bulu Mata 1 Piece,aksesoris-2
543,Rhodoid Puff Bedak Bulat,aksesoris-2
544,Watsons Square Puff 1 Pieces,aksesoris-2
545,Watsons Square Puff 80 Pieces,aksesoris-2
546,Nourish Beauty Care Acne Plast Blue 2 Pack (12 Patch/Pack) - Hemat Borongan,perawatan-wajah-1
547,Bad Lab Baby Faced Assassin Energising Facial Cleanser 100 ml,perawatan-wajah-1
548,Bad Lab Depth Charged Deep Cleansing Facial Cleanser 100 ml,perawatan-wajah-1
549,Bad Lab Dirty Deeds Invigorating Facial Scrub 100 ml,perawatan-wajah-1
550,Biore Men's Facial Foam Acne Defense 100G,perawatan-wajah-1
551,Biore Men's Facial Foam Bright Action 100G,perawatan-wajah-1
552,Biore Men's Non Scrub Facial Foam Gentle & Clean Oil Balance 100 g,perawatan-wajah-1
553,Biore Pore Pack Black Mens Refreshing Cool 4 Lembar,perawatan-wajah-1
554,Garnier Light Gentle Foam 50 ml,perawatan-wajah-1
555,Garnier Men Acno Fight Anti Acne In Scrub Foam 100 ml,perawatan-wajah-1
556,Garnier Men Acno Fight Wasabi Brightening Foam 100 ml,perawatan-wajah-1
557,Garnier Men Acno Fight Wasabi Brightening Foam 50 ml,perawatan-wajah-1
558,Garnier Men Acno Fight Whitening Serum 20 ml,perawatan-wajah-1
559,Garnier Men New Turbolight Oil Control Icy Scrub 100 ml,perawatan-wajah-1
560,Garnier Men Tubolight Oil Control Matcha Foaming Gel 100 ml,perawatan-wajah-1
561,Garnier Men Turbo Light White + Oil Control Icy Duo Foam 100 ml,perawatan-wajah-1
562,Garnier Men Turbo Light White + Oil Control Icy Duo Foam 50 ml,perawatan-wajah-1
563,Garnier Men Turbolight Double White 100 ml,perawatan-wajah-1
564,Garnier Men Turbolight Oil Control Cooling Foam 100 ml,perawatan-wajah-1
565,Garnier Men Turbolight Oil Control Icy Scrub 50 ml,perawatan-wajah-1
566,Garnier Pure Active Matcha Deep Clean Foam 100 ml,perawatan-wajah-1
567,Garnier Sakura White Pinkish Radiance Foam 50 ml,perawatan-wajah-1
568,Gizi Daily Natural Lightening Foam 50ml,perawatan-wajah-1
569,Kojie San Men Lightening Soap 135 g,perawatan-wajah-1
570,Kose Kokutousei Moist Washing Foam 130 g,perawatan-wajah-1
571,Kose Softymo Washing Foam White Scrub 150 g,perawatan-wajah-1
572,Loreal Men Expert Pure & Matte Charcoal Black Scrub Foam 100 ml,perawatan-wajah-1
573,Nivea Men Deep Acne Attack Scrub Mud Foam 100 ml,perawatan-wajah-1
574,Nivea Men Facial Foam Oil Control Whitening / Anti-Shine Foam White Oil Clear 100ml,perawatan-wajah-1
575,Nourish Beauty Care Acne Plast Blue,perawatan-wajah-1
576,Pond's Men Bright Boost Face Moisturizer 20 ml,perawatan-wajah-1
577,Pond's Men Pollution Out Face Wash 100 g,perawatan-wajah-1
578,Pond's Men White Boost Facial Scrub 100 g,perawatan-wajah-1
579,Pond's Men White Boost Facial Scrub 50 g,perawatan-wajah-1
580,Pond's White Beauty Clay Foam 90 g,perawatan-wajah-1
581,Vienna Men Exfoliating Face Mask 15 ml,perawatan-wajah-1
582,Wardah C-Defense Energizing Whip Foam 100 ml,perawatan-wajah-1
583,Wardah C-Defense Energizing Whip Foam 50 ml,perawatan-wajah-1
584,Wardah Lightening Creamy Foam 60 ml,perawatan-wajah-1
585,Wardah Perfect Bright Creamy Foam Brightening & Oil 100 ml,perawatan-wajah-1
586,Wardah Perfect Bright Creamy Foam Brightening & Oil 60 ml,perawatan-wajah-1
587,Wardah Perfect Bright Creamy Foam Brightening & Smoothing 60 ml,perawatan-wajah-1
588,Wardah Perfect Bright Creamy Foam Brightening + Smoothing 100 ml,perawatan-wajah-1
589,Bad Lab Lean Mean Machine Body Sculpting Shower Gel 200 ml,perawatan-tubuh-1
590,Bad Lab Legally High Refreshing Body Wash 200 ml,perawatan-tubuh-1
591,Biore Men's Body Foam Refreshing Cool 450 ml,perawatan-tubuh-1
592,Biore Men's Body Foam White Energy 250 ml,perawatan-tubuh-1
593,Axe Hairstyling Perfect Control Pomade 75 g,perawatan-rambut
594,Bad Lab Jet Black Strong & Glossy Water Based Pomade 40 g,perawatan-rambut
595,Bad Lab Like A Boss Sculpting Hair Clay 50 g,perawatan-rambut
596,Bad Lab Matte Max Strong & Matte Water Based Pomade 40 g,perawatan-rambut
597,Bad Lab Supersonik Water Based Pomade Medium & Glossy 40 g,perawatan-rambut
598,Chief Blue Hair Pomade Water Based 120 g,perawatan-rambut
599,Chief Blue Hair Pomade Water Based 35 g,perawatan-rambut
600,Chief Hybrid Pomade 105 g,perawatan-rambut
601,Chief Solid Black Pomade 120 g,perawatan-rambut
602,Gatsby Hair Treatment Normal 125G,perawatan-rambut
603,Gatsby Hair Treatment Normal 70G,perawatan-rambut
604,Gatsby Moving Rubber Grunge Mat 80 g,perawatan-rambut
605,Gatsby Moving Rubber Spiky Edge 80 g,perawatan-rambut
606,Gatsby Pomade 30G,perawatan-rambut
607,Gatsby Pomade 80G,perawatan-rambut
608,Gatsby Styling Pomade 80G,perawatan-rambut
609,Gatsby Styling Pomade Perfect 75 g,perawatan-rambut
610,Gatsby Styling Pomade Urban Dry 75 g,perawatan-rambut
611,Gatsby Styling Wax Mat & Hard 75 g,perawatan-rambut
612,Gatsby Water Gloss Hard 150 g,perawatan-rambut
613,Gatsby Water Gloss Hyper Solid 150 g,perawatan-rambut
614,Gatsby Water Gloss Hyper Solid 75G,perawatan-rambut
615,Gatsby Water Gloss Hypersolid Tube 100G,perawatan-rambut
616,Gatsby Water Gloss Soft 75G,perawatan-rambut
617,Gatsby Water Gloss Soft Pot Putih 150G,perawatan-rambut
618,Gatsby Water Gloss Soft Tube 100G,perawatan-rambut
619,Gatsby Water Gloss Super Hard 150Gr,perawatan-rambut
620,Gatsby Water Gloss Super Hard Tube 100G,perawatan-rambut
621,Gatsby Water Gloss Ultimate Hold 75G,perawatan-rambut
622,Gatsby Wax Hard & Free Pot 75 g,perawatan-rambut
623,Gatsby Wax Power & Spikes 75 g,perawatan-rambut
624,Maro 3D Volume Up Shampoo EX Refill 380 ml,perawatan-rambut
625,Maro 3D Volume Up Shampoo EX Refill 460 ml,perawatan-rambut
626,Maro Deo Scalp Shampoo Cool 400 ml,perawatan-rambut
627,Maro Deo Scalp Shampoo Cool Refill 340 ml,perawatan-rambut
628,Miranda for Him Coloring Shampoo Dark Brown 15 ml,perawatan-rambut
629,Miranda for Him Coloring Shampoo Natural Black 15 ml,perawatan-rambut
630,Miranda for Him Styling Pomade Strong Hold & Shine 100 g,perawatan-rambut
631,Miranda for Him Styling Pomade Strong Hold & Shine 50 g,perawatan-rambut
632,Morris Pomade Strong Hold 80 g,perawatan-rambut
633,Morris Pomade Stylist 80 g,perawatan-rambut
634,Romano Classic Anti Dandruff Deluxe Shampoo 170 ml,perawatan-rambut
635,Shantos Romeo Hair Styling Pomade Type Gold 75 g,perawatan-rambut
636,Tancho Pomade Nourishing 130 g,perawatan-rambut
637,Tokyo Night Pomade Lavender Green 50 g,perawatan-rambut
638,Xl Professionnel Deluxe Pomade Argan & Wheat Germ Oil 80 g,perawatan-rambut
639,Xl Professionnel Deluxe Pomade Olive & Sweet Almod Oil 80 g,perawatan-rambut
640,Axe Deo Spray Black 150 ml,deodoran-dan-pewangi-1
641,Axe Deo Spray Dark Tempation 150 ml,deodoran-dan-pewangi-1
642,Axe Deodorant Bodyspray Harumkan Indonesia Gloriously Fresh 135 ml,deodoran-dan-pewangi-1
643,Bad Lab Call to Arms Anti Bacterial & Deodorising Fragrance 100 ml,deodoran-dan-pewangi-1
644,Bad Lab Supercharger Cooling Anti Bacterial & Deodorising Fragrance 100 ml,deodoran-dan-pewangi-1
645,Bad Lab War Machine Dual Anti Bacterial & Deodorising Fragrance 100 ml,deodoran-dan-pewangi-1
646,Bellagio Deodorant Spray Energy 175 ml,deodoran-dan-pewangi-1
647,Gatsby Cologne 75 ml,deodoran-dan-pewangi-1
648,Gatsby Splash Cologne 175 ml,deodoran-dan-pewangi-1
649,Gatsby Splash Cologne Wild Forest 175 ml,deodoran-dan-pewangi-1
650,Nivea Men Cool Kick Deodorant Spray 150 ml,deodoran-dan-pewangi-1
651,Nivea Men Deep Dry & Clean Feel Deodorant Roll On 50 ml,deodoran-dan-pewangi-1
652,Nivea Men Deep Dry & Clean Feel Deodorant Spray 150 ml,deodoran-dan-pewangi-1
653,Nivea Men Deodorant Dry Impact Roll On 50 ml,deodoran-dan-pewangi-1
654,Nivea Men Deodorant Invisible For Black & White Roll On 50 ml,deodoran-dan-pewangi-1
655,Nivea Men Deodorant Invisible for Black & White Spray 150 ml,deodoran-dan-pewangi-1
656,Nivea Men Deodorant Silver Protect Roll On 50 ml,deodoran-dan-pewangi-1
657,Rexona Men Adventure Roll On 50 ml,deodoran-dan-pewangi-1
658,Rexona Men Invisible Dry Roll On 50 ml,deodoran-dan-pewangi-1
659,Gillete Blue 3 Simple,pisau-cukur
660,Gillete Satin Care 195 g,pisau-cukur
661,Gillete Venus Sensitive 3 Razor,pisau-cukur
662,Gillette Blue 3 Ice Blade 4 More Lubricant,pisau-cukur
663,Gillette Blue II Plus 2 Pieces,pisau-cukur
664,Gillette Blue II Plus 5+1 Pieces,pisau-cukur
665,Gillette Blue II Plus Pisau Cukur 1 Pieces,pisau-cukur
666,Gillette Foamy Lemon Lime 175 G,pisau-cukur
667,Gillette Foamy Lemon Lime 50 g,pisau-cukur
668,Gillette Foamy Menthol 175 g,pisau-cukur
669,Gillette Fusion Proglide 1 Pieces,pisau-cukur
670,Gillette Fusion Proglide 5 Cartridge 4 Pieces,pisau-cukur
671,Gillette Fusion Proglide Refill 2 Pieces,pisau-cukur
672,Gillette Goal II (5+1),pisau-cukur
673,Gillette Goal II 3+1 Pieces,pisau-cukur
674,Gillette Goal II Disposable 2 Pieces,pisau-cukur
675,Gillette Goal II HBDC Single,pisau-cukur
676,Gillette Guard 3 Cartridge 4 Pieces,pisau-cukur
677,Gillette Mach 3 Cartridge 2 Pieces,pisau-cukur
678,Gillette Mach 3 Hercules,pisau-cukur
679,Gillette Mach3,pisau-cukur
680,Gillette Mach3 Turbo Razor 1 Pieces,pisau-cukur
681,Gillette Vector 1 Pieces,pisau-cukur
682,Gillette Vector Cartridge 4 Pieces,pisau-cukur
683,Schick Exacta 2 Sensitive System Kit + 2 Blades,pisau-cukur
684,Schick Exacta Sensitive 2+1,pisau-cukur
685,Schick Hydro Silk,pisau-cukur
686,Schick Quatro 4 Titanium Freestyle,pisau-cukur
687,Schick Quattro Titanium,pisau-cukur
688,Schick Shave Guard Sensitive Lime Foam 210 g,pisau-cukur
689,Schick Shave Guard Sensitive Lime Foam 60 g,pisau-cukur
690,Schick Shave Guard Wash & Shave 210 g,pisau-cukur
691,Schick Silk Effects+,pisau-cukur
692,Schick Xtreme 3 Sensitive Ultimate 2+1 Free Razor,pisau-cukur
693,Easy Go Man Dsposable Briefs Size M,lainnya-16
694,Tor Men Disposable Brief L,lainnya-16
695,Tor Men Disposable Brief Xl,lainnya-16
696,Tor Men Disposable Viscose L,lainnya-16
697,Tor Men Disposable Viscose Xl,lainnya-16
698,Atorvastatin 20 mg 10 Tablet,kolesterol
699,Simvastatin 10 mg 10 Tablet,kolesterol
700,Simvastatin 20 mg 10 Tablet,kolesterol
701,Atorvastatin 20 mg 3 Strip (10 Tablet/Strip) - Obat Rutin,kolesterol
702,Atorvastatin 10 mg 10 Tablet,kolesterol
703,Atorvastatin Dexa 20 mg 1 Box (30 Tablet/Box) - Obat Rutin,kolesterol
704,Gemfibrozil 300 mg 10 Kapsul,kolesterol
705,Fenofibrate 300 mg 10 Kapsul,kolesterol
706,Lipitor 20 mg 10 Tablet,kolesterol
707,Simvastatin 10 mg 3 Strip (10 Tablet/Strip) - Obat Rutin,kolesterol
708,Simvastatin 20 mg 3 Strip (10 Tablet/Strip) - Obat Rutin,kolesterol
709,Atorvastatin 10 mg 3 Strip (10 Tablet/Strip) - Obat Rutin,kolesterol
710,Crestor 10 mg 15 Tablet,kolesterol
711,Crestor 10 mg 2 Strip (15 Tablet/Strip) - Obat Rutin,kolesterol
712,Crestor 20 mg 15 Tablet,kolesterol
713,Evothyl 300 mg 6 Kapsul,kolesterol
714,Ezetrol 10 mg 3 Strip (10 Tablet/Strip) - Obat Rutin,kolesterol
715,Atorvastatin 40 mg 10 Tablet,kolesterol
716,Atorvastatin 40 mg 3 Strip (10 Tablet/Strip) - Obat Rutin,kolesterol
717,Atozet 10 mg/40 mg 10 Tablet,kolesterol
718,Atozet 10 mg/40 mg 3 Strip (10 Tablet/Strip) - Obat Rutin,kolesterol
719,Crestor 20 mg 2 Strip (15 Tablet/Strip) - Obat Rutin,kolesterol
720,Fenofibrate 100 mg 10 Kapsul,kolesterol
721,Fenofibrate 100 mg 3 Strip (10 Kapsul/Strip) - Obat Rutin,kolesterol
722,Fenofibrate 300 mg 3 Strip (10 Kapsul/Strip) - Obat Rutin,kolesterol
723,Hypofil 300 mg 10 Kapsul,kolesterol
724,Lipanthyl Penta 145 10 Tablet,kolesterol
725,Lipanthyl Supra 160 10 Tablet,kolesterol
726,Lipitor 10 mg 10 Tablet,kolesterol
727,Lipitor 20 mg 3 Strip (10 Tablet/Strip) - Obat Rutin,kolesterol
728,Lipitor 40 mg 10 Tablet,kolesterol
729,Mierin 10 mg 10 Tablet,kolesterol
730,Rosufer 10 mg 10 Tablet,kolesterol
731,Rosufer 20 mg 3 Strip (10 Tablet/Strip) - Obat Rutin,kolesterol
732,Rosuvastatin 10 mg 10 Tablet,kolesterol
733,Rosuvastatin 10 mg 3 Strip (10 Tablet/Strip) - Obat Rutin,kolesterol
734,Rosuvastatin 20 mg 10 Tablet,kolesterol
735,Rosuvastatin 20 mg 3 Strip (10 Tablet/Strip) - Obat Rutin,kolesterol
736,Roswin 20 mg 10 Tablet,kolesterol
737,Truvaz 20 mg 10 Tablet,kolesterol
738,Albiruni Albikoles 50 Tablet,kolesterol
739,Atofar 10 mg 10 Tablet,kolesterol
740,Atofar 10 mg 3 Strip (10 Tablet/Strip) - Obat Rutin,kolesterol
741,Atofar 20 mg 10 Tablet,kolesterol
742,Atofar 20 mg 3 Strip (10 Tablet/Strip) - Obat Rutin,kolesterol
743,Atofar 40 mg 10 Tablet,kolesterol
744,Atorvastatin 40 mg 6 Tablet,kolesterol
745,Atozet 10 mg/10 mg 10 Tablet,kolesterol
746,Atozet 10 mg/20 mg 10 Tablet,kolesterol
747,Avesco 10 mg 10 Kaplet,kolesterol
748,Avesco 20 mg 10 Kaplet,kolesterol
749,Avesco 20 mg 3 Strip (10 Tablet/Strip) - Obat Rutin,kolesterol
750,Avesco 40 mg 10 Kaplet,kolesterol
751,Borobudur Losterin 100 Kapsul,kolesterol
752,Cholespar 10 mg 10 Tablet,kolesterol
753,Cholespar 20 mg 10 Tablet,kolesterol
754,Cholestat 10 mg 10 Kaplet,kolesterol
755,Cholestat 10 mg 3 Strip (10 Kaplet/Strip) - Obat Rutin,kolesterol
756,Cholestat 20 mg 10 Tablet,kolesterol
757,Cholestat 20 mg 3 Strip (10 Tablet/Strip) - Obat Rutin,kolesterol
758,Cholestor 20 mg 10 Tablet,kolesterol
759,Cholsa 4 Kapsul,kolesterol
760,Cholvastin 20 mg 10 Tablet,kolesterol
761,Covetor 20 10 Kaplet,kolesterol
762,Crestor 40 mg 10 Tablet,kolesterol
763,Crestor 40 mg 3 Strip (10 Tablet/Strip) - Obat Rutin,kolesterol
764,Crestor 5 mg 15 Tablet,kolesterol
765,Crestor 5 mg 2 Strip (15 Tablet/Strip) - Obat Rutin,kolesterol
766,Debostin 20 mg 10 Tablet,kolesterol
767,Esvat 10 mg 6 Tablet,kolesterol
768,Esvat 20 mg 6 Tablet,kolesterol
769,Evothyl 100 mg 6 Kapsul,kolesterol
770,Ezefer 10 mg 10 Tablet,kolesterol
771,Ezetrol 10 mg 10 Tablet,kolesterol
772,Fastor 10 mg 10 Tablet,kolesterol
773,Fastor 20 mg 10 Tablet,kolesterol
774,Fenofibrate 200 mg 2 Strip (20 Kapsul/Strip) - Obat Rutin,kolesterol
775,Fenofibrate 200 mg 20 Kapsul,kolesterol
776,Fenoflex 160 mg 10 Kapsul,kolesterol
777,Fenoflex 160 mg 3 Strip (10 Tablet/Strip) - Obat Rutin,kolesterol
778,Fenosup Lidose 160 mg 10 Kapsul,kolesterol
779,Fibesco 300 mg 6 Kapsul,kolesterol
780,Fibramed 300 mg 6 Kapsul,kolesterol
781,Gemfibrozil 300 mg 3 Strip (10 Kapsul/Strip) - Obat Rutin,kolesterol
782,Gravastin 10 mg 6 Kaplet,kolesterol
783,Guaslim 60 Kapsul,kolesterol
784,Hicholfen Kapsul 100 mg,kolesterol
785,Himalaya Ayurslim 60 Kapsul,kolesterol
786,Himalaya Lasuna 60 Kapsul,kolesterol
787,Hyperchol M 100 mg 12 Kapsul,kolesterol
788,Hyperchol M 200 mg 6 Kapsul,kolesterol
789,Hyperchol M 300 mg 6 Kapsul,kolesterol
790,Jamkho Sirup 100 ml,kolesterol
791,Justin 20 mg 10 Tablet,kolesterol
792,Lesvatin 10 mg 10 Tablet,kolesterol
793,Lipanthyl Penta 145 3 Strip (10 Tablet/Strip) - Obat Rutin,kolesterol
794,Lipanthyl Supra 160 3 Strip (10 Tablet/Strip) - Obat Rutin,kolesterol
795,Lipitor 10 mg 3 Strip (10 Tablet/Strip) - Obat Rutin,kolesterol
796,Lipitor 40 mg 3 Strip (10 Tablet/Strip) - Obat Rutin,kolesterol
797,Lipivast 10 mg 10 Tablet,kolesterol
798,Lipres 300 mg 10 Kapsul,kolesterol
799,Livalo 2 mg 10 Tablet,kolesterol
800,Livalo 2 mg 3 Strip (10 Tablet/Strip) - Obat Rutin,kolesterol
801,Livalo 4 mg 10 Tablet,kolesterol
802,Livalo 4 mg 3 Strip (10 Tablet/Strip) - Obat Rutin,kolesterol
803,Lokol Tea 30 Sachet,kolesterol
804,Lotyn 20 mg 10 Tablet,kolesterol
805,Mastatin 10 mg 10 Tablet,kolesterol
806,Nistrol 10 mg 10 Tablet,kolesterol
807,Nistrol 20 mg 10 Tablet,kolesterol
808,Norpid 10 mg 10 Tablet,kolesterol
809,Norpid 20 mg 10 Tablet,kolesterol
810,Novales 10 mg 10 Tablet,kolesterol
811,Novales 20 mg 10 Tablet,kolesterol
812,Orvast 10 mg 10 Tablet,kolesterol
813,Orvast 20 mg 10 Tablet,kolesterol
814,Orvast 40 mg 10 Tablet,kolesterol
815,Pravastatin 20 mg 10 Tablet,kolesterol
816,Pravinat 10 mg 10 Kaplet,kolesterol
817,Pravinat 20 mg 10 Kaplet,kolesterol
818,Profibrat 200 M 10 Kapsul,kolesterol
819,Recansa 10 mg 10 Tablet,kolesterol
820,Recansa 20 mg 10 Tablet,kolesterol
821,Rechol 10 mg 10 Tablet,kolesterol
822,Rechol 20 mg 10 Tablet,kolesterol
823,Removchol 20 mg 10 Tablet,kolesterol
824,Rendapid 10 mg 10 Tablet,kolesterol
825,Rendapid 20 mg 10 Tablet,kolesterol
826,Rendapid 5 mg 10 Tablet,kolesterol
827,Rostin 10 mg 10 Tablet,kolesterol
828,Rostin 20 mg 10 Tablet,kolesterol
829,Rosufer 20 mg 10 Tablet,kolesterol
830,Roswin 10 mg 10 Tablet,kolesterol
831,Roswin 40 mg 10 Tablet,kolesterol
832,Rovastar 10 mg 10 Tablet,kolesterol
833,Rovastar 20 mg 10 Tablet,kolesterol
834,Rovator 10 mg 10 Tablet,kolesterol
835,Rovator 20 mg 10 Tablet,kolesterol
836,Ruvastin 10 mg 10 Tablet,kolesterol
837,Ruvastin 20 mg 10 Tablet,kolesterol
838,Ruvastin 40 mg 10 Tablet,kolesterol
839,Selvim 10 mg 10 Kaplet,kolesterol
840,Selvim 10 mg 3 Strip (10 Tablet/Strip) - Obat Rutin,kolesterol
841,Selvim 20 mg 10 Tablet,kolesterol
842,Selvim 20 mg 3 Strip (10 Tablet/Strip) - Obat Rutin,kolesterol
843,Simbado 10 mg 10 Tablet,kolesterol
844,Simtor 20 mg 10 Kaplet,kolesterol
845,Simvasto 20 mg 10 Tablet,kolesterol
846,Sinova 10 mg 10 Tablet,kolesterol
847,Sintrol Kaplet 10 mg 10 Tablet,kolesterol
848,Statcol 10 mg 10 Tablet,kolesterol
849,Stator 10 mg 10 Tablet,kolesterol
850,Stator 10 mg 3 Strip (10 Tablet/Strip) - Obat Rutin,kolesterol
851,Stator 20 mg 10 Tablet,kolesterol
852,Stator 20 mg 3 Strip (10 Tablet/Strip) - Obat Rutin,kolesterol
853,Stator 40 mg 10 Tablet,kolesterol
854,Stavinor 10 mg 10 Tablet,kolesterol
855,Stavinor 20 mg 10 Tablet,kolesterol
856,Stavinor 40 mg 10 Tablet,kolesterol
857,Suvesco 10 mg 10 Tablet,kolesterol
858,Suvesco 10 mg 3 Strip (10 Tablet/Strip) - Obat Rutin,kolesterol
859,Suvesco 20 mg 10 Tablet,kolesterol
860,Suvesco 20 mg 3 Strip (10 Tablet/Strip) - Obat Rutin,kolesterol
861,Suvesco 40 mg 10 Tablet,kolesterol
862,Svt 10 mg 10 Tablet,kolesterol
863,Svt 20 mg 10 Tablet,kolesterol
864,Trolip 100 mg 10 Kapsul,kolesterol
865,Trolip 100 mg 3 Strip (10 Kapsul/Strip) - Obat Rutin,kolesterol
866,Trolip 160 mg 10 Tablet,kolesterol
867,Trolip 160 mg 6 Tablet,kolesterol
868,Trolip 300 mg 10 Kapsul,kolesterol
869,Trolip 300 mg 3 Strip (10 Kapsul/Strip) - Obat Rutin,kolesterol
870,Truvaz 10 mg 10 Tablet,kolesterol
871,Truvaz 10 mg 3 Strip (10 Tablet/Strip) - Obat Rutin,kolesterol
872,Truvaz 20 mg 3 Strip (10 Tablet/Strip) - Obat Rutin,kolesterol
873,Truvaz 40 mg 10 Tablet,kolesterol
874,Truvaz 40 mg 3 Strip (10 Tablet/Strip) - Obat Rutin,kolesterol
875,Valansim 10 mg 10 Tablet,kolesterol
876,Valemia 10 mg 6 Tablet,kolesterol
877,Valemia 5 mg 6 Tablet,kolesterol
878,Vastrol 10 mg 10 Tablet,kolesterol
879,Vastrol 20 mg 10 Tablet,kolesterol
880,Vitor 2 mg 10 Tablet,kolesterol
881,Vytorin 10 mg/10 mg 10 Tablet,kolesterol
882,Vytorin 10 mg/20 mg 10 Tablet,kolesterol
883,Vytorin 10 mg/20 mg 3 Strip (10 Tablet/Strip) - Obat Rutin,kolesterol
884,Yosenob 300 mg 10 Kapsul,kolesterol
885,Bio Atp 10 Tablet,penyakit-jantung
886,Clopidogrel 75 mg 10 Tablet,penyakit-jantung
887,Furosemide 40 mg 10 Tablet,penyakit-jantung
888,Furosemide 40 mg 3 Strip (10 Tablet/Strip) - Obat Rutin,penyakit-jantung
889,Aspilets 10 Tablet Kunyah,penyakit-jantung
890,Clopidogrel 75 mg 3 Strip (10 Tablet/Strip) - Obat Rutin,penyakit-jantung
891,Clopidogrel Dexa 75 mg 1 Box (30 Tablet/Box) - Obat Rutin,penyakit-jantung
892,Miniaspi 80 mg 3 Strip (10 Tablet/Strip) - Obat Rutin,penyakit-jantung
893,Cardio Aspirin 100 mg 10 Tablet,penyakit-jantung
894,Cedocard 5 mg 10 Tablet,penyakit-jantung
895,Clonidine 0.15 mg 10 Tablet,penyakit-jantung
896,Lasix 40 mg 10 Tablet,penyakit-jantung
897,Miniaspi 80 mg 10 Tablet,penyakit-jantung
898,Nitrokaf Retard 2.5 mg 10 Kapsul,penyakit-jantung
899,Simarc 2 mg 10 Tablet,penyakit-jantung
900,Uperio 50 mg 14 Tablet,penyakit-jantung
901,Angintriz MR 10 Tablet,penyakit-jantung
902,Aptor 100 mg 10 Tablet,penyakit-jantung
903,Ascardia 80 mg 10 Tablet,penyakit-jantung
904,Ascardia 80 mg 3 Strip (10 Tablet/Strip) - Obat Rutin,penyakit-jantung
905,Aspilets 3 Strip (10 Tablet/Strip) - Obat Rutin,penyakit-jantung
906,Briclot 90 mg 10 Tablet,penyakit-jantung
907,Brilinta 90 mg 14 Tablet,penyakit-jantung
908,CPG 75 mg 10 Tablet,penyakit-jantung
909,Cardio Aspirin 100 mg 3 Strip (10 Tablet/Strip) - Obat Rutin,penyakit-jantung
910,Clopidogrel 75 mg 6 Tablet,penyakit-jantung
911,Clotaire 90 mg 10 Tablet,penyakit-jantung
912,Farsix 40 mg 10 Tablet,penyakit-jantung
913,Isosorbide Dinitrate 5 mg 10 Tablet,penyakit-jantung
914,Isosorbide Dinitrate 5 mg 3 Strip (10 Tablet/Strip) - Obat Rutin,penyakit-jantung
915,Lasix 40 mg 3 Strip (10 Tablet/Strip) - Obat Rutin,penyakit-jantung
916,Nitrokaf Retard 2.5 mg 3 Strip (10 Kapsul/Strip) - Obat Rutin,penyakit-jantung
917,Nospirinal 80 mg 10 Tablet,penyakit-jantung
918,Pletaal 100 mg 10 Tablet,penyakit-jantung
919,Ranexa 375 mg 20 Tablet,penyakit-jantung
920,Simarc 2 mg 3 Strip (10 Tablet/Strip) - Obat Rutin,penyakit-jantung
921,Thrombo Aspilets 80 mg 2 Strip (30 Tablet/Strip) - Obat Rutin,penyakit-jantung
922,Thrombo Aspilets 80 mg 30 Tablet,penyakit-jantung
923,Trental 400 mg 10 Tablet,penyakit-jantung
924,Trimetazidine 35 mg 10 Tablet,penyakit-jantung
925,Trizedon MR 35 mg 2 Strip (30 Tablet/Strip) - Obat Rutin,penyakit-jantung
926,Xarelto 20 mg 14 Tablet,penyakit-jantung
927,ATP Dankos 10 Tablet,penyakit-jantung
928,Aggravan 50 mg 10 Tablet,penyakit-jantung
929,Antiplat 50 mg 10 Kaplet,penyakit-jantung
930,Aptor 100 mg 3 Strip (10 Tablet/Strip) - Obat Rutin,penyakit-jantung
931,Arcerin MR 35 mg 10 Tablet,penyakit-jantung
932,Artepid 75 mg 10 Tablet,penyakit-jantung
933,Astika 10 Tablet,penyakit-jantung
934,CPG 75 mg 3 Strip (10 Tablet/Strip) - Obat Rutin,penyakit-jantung
935,Cardismo 20 mg 10 Tablet,penyakit-jantung
936,Cedocard 10 mg 10 Tablet,penyakit-jantung
937,Cedocard 10 mg 3 Strip (10 Tablet/Strip) - Obat Rutin,penyakit-jantung
938,Cedocard 20 mg 10 Tablet,penyakit-jantung
939,Cedocard 20 mg 3 Strip (10 Tablet/Strip) - Obat Rutin,penyakit-jantung
940,Cedocard 5 mg 3 Strip (10 Tablet/Strip) - Obat Rutin,penyakit-jantung
941,Cedocard Retard 20 mg 10 Tablet,penyakit-jantung
942,Cilostazol 100 mg 10 Tablet,penyakit-jantung
943,Citaz 100 mg 10 Tablet,penyakit-jantung
944,Citaz 50 mg 10 Tablet,penyakit-jantung
945,Citaz 50 mg 3 Strip (10 Tablet/Strip) - Obat Rutin,penyakit-jantung
946,Clofion 75 mg 10 Tablet,penyakit-jantung
947,Clogin 75 mg 10 Tablet,penyakit-jantung
948,Clotaire 60 mg 10 Tablet,penyakit-jantung
949,Copidrel 75 mg 10 Tablet,penyakit-jantung
950,Coralan 5 mg 14 Tablet,penyakit-jantung
951,Coralan 5 mg 2 Strip (14 Tablet/Strip) - Obat Rutin,penyakit-jantung
952,Coralan 7.5 mg 14 Tablet,penyakit-jantung
953,Cordarone 200 mg 10 Tablet,penyakit-jantung
954,Cordarone 200 mg 3 Strip (10 Tablet/Strip) - Obat Rutin,penyakit-jantung
955,Decrilip 200 mg 10 Tablet,penyakit-jantung
956,Digoxin 0.25 mg 10 Tablet,penyakit-jantung
957,Digoxin 0.25 mg 3 Strip (10 Tablet/Strip) - Obat Rutin,penyakit-jantung
958,Diltiazem 30 mg 10 Tablet,penyakit-jantung
959,Eliquis 2.5 mg 10 Tablet,penyakit-jantung
960,Eliquis 5 mg 10 Tablet,penyakit-jantung
961,Fargoxin 0.25 mg 10 Tablet,penyakit-jantung
962,Farmasal 100 mg 10 Tablet,penyakit-jantung
963,Farsiretic 40 mg 10 Tablet,penyakit-jantung
964,Farsorbid 10 mg 10 Tablet,penyakit-jantung
965,Farsorbid 10 mg 3 Strip (10 Tablet/Strip) - Obat Rutin,penyakit-jantung
966,Farsorbid 5 mg 10 Tablet,penyakit-jantung
967,Febogrel 75 mg 10 Tablet,penyakit-jantung
968,Goclid 250 mg 10 Tablet,penyakit-jantung
969,Gralixa 40 mg 10 Tablet,penyakit-jantung
970,Grendis 30 Kapsul,penyakit-jantung
971,Imdur 60 mg 15 Tablet,penyakit-jantung
972,Imocard SR 60 mg 10 Tablet,penyakit-jantung
973,Isorbid 10 mg 10 Tablet,penyakit-jantung
974,Isosorbide Dinitrate 10 mg 10 Tablet,penyakit-jantung
975,Isosorbide Dinitrate 10 mg 3 Strip (10 Tablet/Strip) - Obat Rutin,penyakit-jantung
976,Kendaron 200 mg 10 Tablet,penyakit-jantung
977,Kendaron 200 mg 3 Strip (10 Tablet/Strip) - Obat Rutin,penyakit-jantung
978,Lixiana 15 mg 14 Tablet,penyakit-jantung
979,Lixiana 30 mg 14 Tablet,penyakit-jantung
980,Lixiana 60 mg 14 Tablet,penyakit-jantung
981,Medigrel 75 mg 10 Tablet,penyakit-jantung
982,Miozidine MR 35 mg 10 Tablet,penyakit-jantung
983,Modalim 100 mg 14 Tablet,penyakit-jantung
984,Monecto-20 mg 10 Tablet,penyakit-jantung
985,Naletal 100 mg 10 Tablet,penyakit-jantung
986,Naletal Tablet 50 mg,penyakit-jantung
987,Nimotop 30 mg 10 Tablet,penyakit-jantung
988,Nitral 500 mcg 30 Tablet,penyakit-jantung
989,Nitrokaf Retard Forte 5 mg 10 Kapsul,penyakit-jantung
990,Notisil 2 mg 10 Tablet,penyakit-jantung
991,Notisil 2 mg 3 Strip (10 Tablet/Strip) - Obat Rutin,penyakit-jantung
992,Pidovix 75 mg 10 Tablet,penyakit-jantung
993,Placta 75 mg 10 Tablet,penyakit-jantung
994,Pladogrel 75 mg 10 Tablet,penyakit-jantung
995,Platogrix 75 mg 14 Tablet,penyakit-jantung
996,Platogrix 75 mg 2 Strip (14 Tablet/Strip) - Obat Rutin,penyakit-jantung
997,Plavix 75 mg 14 Tablet,penyakit-jantung
998,Plavix 75 mg 2 Strip (14 Tablet/Strip) - Obat Rutin,penyakit-jantung
999,Pletaal 50 mg 10 Tablet,penyakit-jantung
1000,Pletaal 50 mg 3 Strip (10 Tablet/Strip) - Obat Rutin,penyakit-jantung
1001,Pletaal SR 100 mg 10 Kapsul,penyakit-jantung
1002,Pradaxa 110 mg 10 Kapsul,penyakit-jantung
1003,Pradaxa 150 mg 10 Kapsul,penyakit-jantung
1004,Pradaxa 75 mg 10 Kapsul,penyakit-jantung
1005,Proxime 10 Tablet,penyakit-jantung
1006,Renapar 10 Tablet,penyakit-jantung
1007,Rinclo 75 mg 10 Tablet,penyakit-jantung
1008,Rytmonorm 150 mg 10 Tablet,penyakit-jantung
1009,Sequest Powder,penyakit-jantung
1010,Serolin 30 mg 21 Tablet,penyakit-jantung
1011,Simclovix 75 mg 10 Tablet,penyakit-jantung
1012,Therodel 75 mg 10 Tablet,penyakit-jantung
1013,Thromboreductin 0.5 mg 42 Kapsul,penyakit-jantung
1014,Tiaryt 200 mg 10 Tablet,penyakit-jantung
1015,Ticagrelor 90 mg 10 Tablet,penyakit-jantung
1016,Trizedon 80 mg OD 6 Kapsul,penyakit-jantung
1017,Trizedon MR 35 mg 30 Tablet,penyakit-jantung
1018,Uperio 100 mg 14 Tablet,penyakit-jantung
1019,Uperio 200 mg 7 Tablet,penyakit-jantung
1020,Uresix 40 mg 10 Tablet,penyakit-jantung
1021,Vaclo 75 mg 5 Strip (6 Tablet/Strip) - Obat Rutin,penyakit-jantung
1022,Vaclo 75 mg 6 Tablet,penyakit-jantung
1023,Valsartan 160 mg 6 Tablet,penyakit-jantung
1024,Xarelto 10 mg 10 Tablet,penyakit-jantung
1025,Xarelto 10 mg 3 Strip (10 Tablet/Strip) - Obat Rutin,penyakit-jantung
1026,Xarelto 15 mg 14 Tablet,penyakit-jantung
1027,Xarelto 15 mg 2 Strip (14 Tablet/Strip) - Obat Rutin,penyakit-jantung
1028,Cobazim 1000 mcg 4 Kapsul,vitamin-dan-herbal-2
1029,A. Vogel Crataegus Drop 50 ml,vitamin-dan-herbal-2
1030,Alerten Q 100 mg 30 Kapsul,vitamin-dan-herbal-2
1031,Alerten Q 25 mg 30 Kapsul,vitamin-dan-herbal-2
1032,Alerten Q 50 mg 30 Kapsul,vitamin-dan-herbal-2
1033,Allium 50 Kapsul,vitamin-dan-herbal-2
1034,Angkak 60 Kapsul,vitamin-dan-herbal-2
1035,Blackmores CoQ 10 75 mg 30 Kapsul,vitamin-dan-herbal-2
1036,Borobudur Daratin 60 Kapsul,vitamin-dan-herbal-2
1037,Borobudur Gemilang 100 Pil,vitamin-dan-herbal-2
1038,Borobudur Gotu K 100 Kapsul,vitamin-dan-herbal-2
1039,Cartogen 6 Kapsul,vitamin-dan-herbal-2
1040,Co Q10 100 mg 30 Kapsul,vitamin-dan-herbal-2
1041,Co-En Q10 Kapsul 100 mg,vitamin-dan-herbal-2
1042,Co-Vitala 30 Kapsul,vitamin-dan-herbal-2
1043,Dan Shen Goji 12 Sachet,vitamin-dan-herbal-2
1044,Daun Sirsak 100 Kapsul,vitamin-dan-herbal-2
1045,Daun Sirsak 50 Kapsul,vitamin-dan-herbal-2
1046,Garlicia 500 mg 30 Kapsul,vitamin-dan-herbal-2
1047,H2 Health & Happiness Celery 30 Tablet,vitamin-dan-herbal-2
1048,Herbana Relief Temulawak 30 Kapsul,vitamin-dan-herbal-2
1049,Herbana Temulawak 60 Kapsul,vitamin-dan-herbal-2
1050,Jamu Iboe Garlicia 30 Kapsul,vitamin-dan-herbal-2
1051,Jamu Iboe Garlicia Plus 30 Kapsul,vitamin-dan-herbal-2
1052,Jamu Iboe Mengkudu Herbal 30 Kapsul,vitamin-dan-herbal-2
1053,Konilife Co Q10 30 mg 30 Kaplet,vitamin-dan-herbal-2
1054,Kyolic Aged Garlic Extract Extra Strength Reserve 60 Kapsul,vitamin-dan-herbal-2
1055,Ldlox 10 Kapsul,vitamin-dan-herbal-2
1056,Max Q10 6 Kaplet,vitamin-dan-herbal-2
1057,Nature's Health Nano Coq10 60 mg 30 Kapsul,vitamin-dan-herbal-2
1058,Nutrimax Coenzyme Q10 30 Tablet,vitamin-dan-herbal-2
1059,Pacekap 10 Kapsul,vitamin-dan-herbal-2
1060,Prolipid 60 Kapsul (Botol),vitamin-dan-herbal-2
1061,Q-Ten 30 mg 30 Kapsul,vitamin-dan-herbal-2
1062,Sarang Semut 30 Kapsul,vitamin-dan-herbal-2
1063,Sido Muncul Celery 30 Kapsul,vitamin-dan-herbal-2
1064,Sido Muncul Garlic 30 Kapsul,vitamin-dan-herbal-2
1065,Sinargi Astramuno 300 mg 60 Pil,vitamin-dan-herbal-2
1066,Tazakka Pegagan 20 Kapsul,vitamin-dan-herbal-2
1067,Vitahealth Ginkgo 2000 30 Tablet,vitamin-dan-herbal-2
1068,Madu Biomag 280 g,makanan-dan-nutrisi
1069,Madu Gurah Fit 280 g,makanan-dan-nutrisi
1070,Madu Jamkorat 280 g,makanan-dan-nutrisi
1071,Madu Nurutenz 280 g,makanan-dan-nutrisi
1072,Madu Vitomata 280 g,makanan-dan-nutrisi
1073,Nestle Acticor Avocado 85 ml,makanan-dan-nutrisi
1074,Nestle Acticor Banana 85 ml,makanan-dan-nutrisi
1075,Nestle Acticor Chocolate 85 ml,makanan-dan-nutrisi
1076,Nestle Acticor Green Tea Latte 85 ml,makanan-dan-nutrisi
1077,Nutri Garam 300 g,makanan-dan-nutrisi
1078,Nutrisalin Garam Diet 200 g,makanan-dan-nutrisi
1079,Nutrisalin Garam Diet 400 g,makanan-dan-nutrisi
1080,V Grains 480 g,makanan-dan-nutrisi
1081,V Halia 480 g,makanan-dan-nutrisi
1082,Easy Touch Cholesterol 10 Strip,alat-monitoring-4
1083,Omron Automatic Blood Pressure HEM-7120,alat-monitoring-4
1084,Omron Automatic Blood Pressure Monitor HEM-7130,alat-monitoring-4
1085,AND UA 767 Plus Tensimeter,alat-monitoring-4
1086,Accu Chek Softclix 2 Box (100 Pieces/Box)- Hemat Borongan,alat-monitoring-4
1087,Accutrend Cholesterol 25 Strip,alat-monitoring-4
1088,Accutrend Triglycerides 25 Strip,alat-monitoring-4
1089,Aneroid Sphygmomanometer Tensi,alat-monitoring-4
1090,Autocheck Cholesterol 10 Strip,alat-monitoring-4
1091,Benecheck Plus 3In1 Single Pack,alat-monitoring-4
1092,Benecheck Plus Cholesterol 10 Strip,alat-monitoring-4
1093,Beurer Blood Pressure Monitor BM26,alat-monitoring-4
1094,Clever Chek Blood Pressure Monitor TD 3018,alat-monitoring-4
1095,Easy Touch Blood Hemoglobin 25 Strip,alat-monitoring-4
1096,Easy Touch Cholesterol 2 Box (10 Pieces/Box) - Hemat Borongan,alat-monitoring-4
1097,MULTICAREIN Triglycerides 25 Strips,alat-monitoring-4
1098,Microlife Tensimeter BP A2 Classic,alat-monitoring-4
1099,Microlife Tensimeter BP A7 Touch BT (Stroke Detection),alat-monitoring-4
1100,Microlife Tensimeter BP B2 Basic,alat-monitoring-4
1101,Microlife Tensimeter BP B3 Afib (Stroke Detection),alat-monitoring-4
1102,Microlife Tensimeter BP B6 Advance Connect (Stroke Detection),alat-monitoring-4
1103,Nesco Multicheck Cholestrol 10 Strips,alat-monitoring-4
1104,Omron Automatic Blood Pressure Hem-7121,alat-monitoring-4
1105,Omron Automatic Blood Pressure Monitor JPN-600,alat-monitoring-4
1106,Omron Blood Pressure Monitor HEM-7156A,alat-monitoring-4
1107,Omron Blood Pressure Monitor HEM-7320,alat-monitoring-4
1108,Omron Blood Pressure Monitor HEM-8712,alat-monitoring-4
1109,Omron Blood Pressure Monitor Hem 7156,alat-monitoring-4
1110,Omron Wrist Blood Pressure Monitor HEM-6131,alat-monitoring-4
1111,Omron Wrist Blood Pressure Monitor Hem 6161,alat-monitoring-4
1112,THE EDGE Blood Lactate Monitoring System,alat-monitoring-4
1113,Onemed Blood Lancet 28G 100 Pieces,lanset-jarum-dan-swab-1
1114,Avico Blood Lancet 100 Pieces,lanset-jarum-dan-swab-1
1115,Gea Blood Lancet 28G 200 Pieces,lanset-jarum-dan-swab-1
1116,One Touch Delica Lancet 100 Pieces,lanset-jarum-dan-swab-1
1117,Serenity Soft Twist Lancet 28G 100 Pieces,lanset-jarum-dan-swab-1
1118,Acuvue Moist 1 Day 30 Clear Softlens Minus,lensa-kontak-minus
1119,Alcon Air Optix Aqua 6 Clear Softlens Minus,lensa-kontak-minus
1120,Alcon Air Optix Plus HydraGlyde 6 Clear Softlens Minus,lensa-kontak-minus
1121,Alcon Dailies Aqua Comfort Plus 30 Clear Softlens Minus,lensa-kontak-minus
1122,Alcon O2 Optix 6 Clear Softlens Minus,lensa-kontak-minus
1123,Avaira Vitality 6 Clear Softlens Minus,lensa-kontak-minus
1124,BC Be Seen Next Generation Jazz Violet 2 Color Softlens Minus,lensa-kontak-minus
1125,BC Be Seen Rainbow Bloom Blue 2 Color Softlens Minus,lensa-kontak-minus
1126,Bausch & Lomb Bio True One Day 30 Clear Softlens Minus,lensa-kontak-minus
1127,Bausch & Lomb Hilafilcon B 6 Clear Softlens Minus,lensa-kontak-minus
1128,C2 Soflens Bar So Chic So Charming Black Minus,lensa-kontak-minus
1129,Chibi Brown 2 Color Softlens Minus,lensa-kontak-minus
1130,Cute Eye 2 Tone Blue 2 Color Softlens Minus,lensa-kontak-minus
1131,DC1 Softlens Jennie Brown Minus,lensa-kontak-minus
1132,DC1 Softlens Jisoo Brown Minus,lensa-kontak-minus
1133,DC1 Softlens Maki Brown Minus,lensa-kontak-minus
1134,DC1 Softlens Matake Brown Minus,lensa-kontak-minus
1135,DC1 Softlens Mini Delight Brown Minus,lensa-kontak-minus
1136,DC1 Softlens Mini Devilish Brown Minus,lensa-kontak-minus
1137,DC1 Softlens Mini Emma Brown Minus,lensa-kontak-minus
1138,DC1 Softlens Moonlight Brown Minus,lensa-kontak-minus
1139,DC1 Softlens Moonwalk Brown Minus,lensa-kontak-minus
1140,DC1 Softlens Nobluk Brown Minus,lensa-kontak-minus
1141,DC1 Softlens Pear Brown Minus,lensa-kontak-minus
1142,DC1 Softlens Rock Black Minus,lensa-kontak-minus
1143,DC1 Softlens Sonic Brown Minus,lensa-kontak-minus
1144,DC1 Softlens Soul Choco Minus,lensa-kontak-minus
1145,DC1 Softlens Teresa Brown Minus,lensa-kontak-minus
1146,DC1 Softlens Veronica Brown Minus,lensa-kontak-minus
1147,Darling by Exoticon Brown 2 Color Softlens Minus,lensa-kontak-minus
1148,Dueba Borjuis Black 2 Color Softlens Minus,lensa-kontak-minus
1149,Dueba Stylish Black 2 Color Softlens Minus,lensa-kontak-minus
1150,Dueba Virigin Choco 2 Color Softlens Minus,lensa-kontak-minus
1151,EOS I-Veronica Brown Softlens Minus,lensa-kontak-minus
1152,EOS Milky Chocolate Softlens Minus,lensa-kontak-minus
1153,Evar Belle Brown Softlens Minus,lensa-kontak-minus
1154,Evar Big Grang Chocolate Softlens Minus,lensa-kontak-minus
1155,Evar Enrose Grey Softlens Minus,lensa-kontak-minus
1156,Evar Hiroko Grey Softlens Minus,lensa-kontak-minus
1157,Evar Hydrocore Brown Softlens Minus,lensa-kontak-minus
1158,Evar Iris Brown Softlens Minus,lensa-kontak-minus
1159,Evar Maru Grey Softlens Minus,lensa-kontak-minus
1160,Evar Mini Mia Brown Softlens Minus,lensa-kontak-minus
1161,Evar Suzie Brown Softlens Minus,lensa-kontak-minus
1162,Eyelovin Mite Clair Arin Brown Softlens Minus,lensa-kontak-minus
1163,Eyelovin Mite Clair Blush Brown Softlens Minus,lensa-kontak-minus
1164,Eyelovin Mite Clair Clear Transparent Softlens Minus,lensa-kontak-minus
1165,Eyelovin Mite Clair Luna Brown Softlens Minus,lensa-kontak-minus
1166,Eyelovin Mite Clair Pure Moist Gaia Brown 2 Color Softlens Minus,lensa-kontak-minus
1167,Eyelovin Mite Clair Pure Moist Hera Brown 2 Color Softlens Minus,lensa-kontak-minus
1168,Eyelovin Mite Clair Pure Moist Juno Brown 2 Color Softlens Minus,lensa-kontak-minus
1169,Eyelovin Mite Clair Pure Moist Selene Brown Softlens Minus,lensa-kontak-minus
1170,Eyelovin Mite Clair Pure Moist Selene Grey Softlens Minus,lensa-kontak-minus
1171,Eyelovin Mite Clair Simi Brown Softlens Minus,lensa-kontak-minus
1172,Eyelovin Mite Clair Wendy Brown Softlens Minus,lensa-kontak-minus
1173,Eyelovin Neo Cosmo Autumn Brown N244 Color Softlens Minus (Buy 1 Get 1),lensa-kontak-minus
1174,Eyelovin Neo Cosmo Mendy Brown N024 Color Softlens Minus,lensa-kontak-minus
1175,Eyelovin Neo Cosmo Mendy Grey N025 Color Softlens Minus,lensa-kontak-minus
1176,Eyelovin Neo Cosmo Sage Brown Black N013 Color Softlens Minus,lensa-kontak-minus
1177,Eyelovin Neo Cosmo Sage Xtra Black N259 Color Softlens Minus,lensa-kontak-minus
1178,Eyelovin Neo Cosmo Sage Xtra Brown N254 Color Softlens Minus,lensa-kontak-minus
1179,Eyelovin Neo Cosmo Sage Xtra Grey N255 Color Softlens Minus,lensa-kontak-minus
1180,Eyelovin Ohan Guri Brown Softlens Minus,lensa-kontak-minus
1181,Eyelovin Ohan Hana Brown Softlens Minus,lensa-kontak-minus
1182,Eyelovin Rosycon Adore Brown Color Softlens Minus,lensa-kontak-minus
1183,Eyesight Bloominc Bluebell Black Softlens Minus,lensa-kontak-minus
1184,Eyesight Bloominc Bluebell Black Softlens Plano/No Minus,lensa-kontak-minus
1185,Eyesight Bloominc Bluebell Brown Softlens Minus,lensa-kontak-minus
1186,Eyesight Bloominc Bluebell Brown Softlens Plano/No Minus,lensa-kontak-minus
1187,Eyesight Bloominc Bluebell Gray Softlens Minus,lensa-kontak-minus
1188,Eyesight Bloominc Bluebell Gray Softlens Plano/No Minus,lensa-kontak-minus
1189,Eyesight Bloominc Daisy Brown Softlens Minus,lensa-kontak-minus
1190,Eyesight Bloominc Daisy Gray Softlens Minus,lensa-kontak-minus
1191,Eyesight EOS Baby Black Softlens Minus,lensa-kontak-minus
1192,Eyesight EOS Charming Brown Softlens Minus,lensa-kontak-minus
1193,Eyesight EOS Clear/Transparent Softlens Minus,lensa-kontak-minus
1194,Eyesight EOS Coco Brown Softlens Minus,lensa-kontak-minus
1195,Eyesight EOS Coco Gray Softlens Minus,lensa-kontak-minus
1196,Eyesight EOS Coral Wood Hazel Softlens Minus,lensa-kontak-minus
1197,Eyesight EOS Luna Gray Softlens Minus,lensa-kontak-minus
1198,Eyesight EOS Luna Natural Almond Softlens Minus,lensa-kontak-minus
1199,Eyesight EOS Luna Natural Aqua Softlens Minus,lensa-kontak-minus
1200,Eyesight EOS Luna Natural Cacao Softlens Minus,lensa-kontak-minus
1201,Eyesight EOS Milky Choco Softlens Minus,lensa-kontak-minus
1202,Eyesight EOS Milky Gray Softlens Minus,lensa-kontak-minus
1203,Eyesight EOS Vonvon Gray Softlens Minus,lensa-kontak-minus
1204,Eyesight Kitty Kawaii Mini Ava Brown Softlens Minus,lensa-kontak-minus
1205,Eyesight Kitty Kawaii Mini Ava Gray Softlens Minus,lensa-kontak-minus
1206,Eyesight Kitty Kawaii Mini Cemore Gray Softlens Minus,lensa-kontak-minus
1207,Eyesight Kitty Kawaii Mini Clean Black Softlens Minus,lensa-kontak-minus
1208,Eyesight Kitty Kawaii Mini Clean Brown Softlens Minus,lensa-kontak-minus
1209,Eyesight Kitty Kawaii Mini Ella Brown Softlens Minus,lensa-kontak-minus
1210,Eyesight Kitty Kawaii Mini Ella Gray Softlens Minus,lensa-kontak-minus
1211,Eyesight Kitty Kawaii Mini Kelly Brown Softlens Minus,lensa-kontak-minus
1212,Eyesight Kitty Kawaii Mini Kelly Gray Softlens Minus,lensa-kontak-minus
1213,Eyesight Kitty Kawaii Mini Olivia Brown Softlens Minus,lensa-kontak-minus
1214,Eyesight Kitty Kawaii Mini Olivia Gray Softlens Minus,lensa-kontak-minus
1215,Eyesight Kitty Kawaii Mini Olivia Light Brown Softlens Minus,lensa-kontak-minus
1216,Eyesight Kitty Kawaii Mini Primo Brown Softlens Minus,lensa-kontak-minus
1217,Eyesight Kitty Kawaii Mini Primo Gray Softlens Minus,lensa-kontak-minus
1218,Eyesight Kitty Kawaii Mini Someday Brown Softlens Minus,lensa-kontak-minus
1219,Eyesight Kitty Kawaii Mini Someday Gray Softlens Minus,lensa-kontak-minus
1220,Eyesight Kitty Kawaii Mini Sunset Brown Softlens Minus,lensa-kontak-minus
1221,Eyesight Kitty Kawaii Mini Sunset Gray Softlens Minus,lensa-kontak-minus
1222,Eyesight Princess Moonlight Black Softlens Minus,lensa-kontak-minus
1223,Eyesight Princess Moonlight Brown Softlens Minus,lensa-kontak-minus
1224,Eyesight Princess Moonlight Gray Softlens Minus,lensa-kontak-minus
1225,Freshkon 58 6 Clear Softlens Minus,lensa-kontak-minus
1226,Freshkon Alluring Daily Mystical Black 10 Color Softlens Minus,lensa-kontak-minus
1227,Freshkon Alluring Eyes Magnetic Grey 2 Color Softlens Minus,lensa-kontak-minus
1228,Freshkon Alluring Monthly Magnetic Grey 2 Color Softlens Minus,lensa-kontak-minus
1229,Freshkon Colorfusion Daily Brown 10 Color Softlens Minus,lensa-kontak-minus
1230,Freshkon Maschera Jade 2 Color Softlens Minus,lensa-kontak-minus
1231,Freshkon Moondust Brown 2 Color Softlens Minus,lensa-kontak-minus
1232,Freshlook Colorblends Blue 2 Color Softlens Minus,lensa-kontak-minus
1233,Hunny Bunny Blue 2 Color Softlens Minus,lensa-kontak-minus
1234,I Scream Love Hugs 2 Color Softlens Minus,lensa-kontak-minus
1235,Ice Gold Hazel 2 Color Softlens Minus,lensa-kontak-minus
1236,Ice No1 Blue 2 Color Softlens Minus,lensa-kontak-minus
1237,Ice No8 Black 2 Color Softlens Minus,lensa-kontak-minus
1238,Ice No8+ Aqua Honey 2 Color Softlens Minus,lensa-kontak-minus
1239,Ice Silver Ash Grey 2 Color Softlens Minus,lensa-kontak-minus
1240,Illustro Comfort 6 Clear Softlens Minus,lensa-kontak-minus
1241,Innocent By Exoticon Black 2 Color Softlens Minus,lensa-kontak-minus
1242,K-Pop By Exoticon Black 2 Color Softlens Minus,lensa-kontak-minus
1243,Kawai Gankyu Voxie Donut Brown Softlens Minus,lensa-kontak-minus
1244,Kawai Gankyu Voxie Lily Brown Softlens Minus,lensa-kontak-minus
1245,Kawai Gankyu Voxie Lily Gray Softlens Minus,lensa-kontak-minus
1246,Kawai Gankyu Voxie Lunar Brown Softlens Minus,lensa-kontak-minus
1247,Kawai Gankyu Voxie Lunar Gray Softlens Minus,lensa-kontak-minus
1248,Kawai Gankyu Voxie Miranda Brown Softlens Minus,lensa-kontak-minus
1249,Kawai Gankyu Voxie Mulan Brown Softlens Minus,lensa-kontak-minus
1250,Kawai Gankyu Voxie Ocean Brown Softlens Minus,lensa-kontak-minus
1251,Kawai Gankyu Voxie Ocean Gray Softlens Minus,lensa-kontak-minus
1252,Kawai Gankyu Voxie Orion Hazel Softlens Minus,lensa-kontak-minus
1253,Kawai Gankyu Voxie Phoenix Brown Softlens Minus,lensa-kontak-minus
1254,Kawai Gankyu Voxie Phoenix Gray Softlens Minus,lensa-kontak-minus
1255,Kawai Gankyu Voxie Sunset Brown Softlens Minus,lensa-kontak-minus
1256,Kitty Kawaii Mini Ella Brown Softlens Minus,lensa-kontak-minus
1257,Koko Black Gothic 2 Color Softlens Minus,lensa-kontak-minus
1258,La Quita French 3Tones Brown Softlens Minus,lensa-kontak-minus
1259,Lily Black 2 Color Softlens Minus,lensa-kontak-minus
1260,Living Color Adore Blue 2 Color Softlens Minus,lensa-kontak-minus
1261,Living Color Lovely 2 Tone Blue 2 Color Softlens Minus,lensa-kontak-minus
1262,Luminous Soflens Bar Black 2 Color Softlens Minus,lensa-kontak-minus
1263,Miacare Confidence Daily Shimmer Blue 10 Color Softlens Minus,lensa-kontak-minus
1264,Miacare Confidence Monthly Flash Blue Minus,lensa-kontak-minus
1265,Miacare Deligth Daily 20 Clear Softlens Minus,lensa-kontak-minus
1266,Miacare Deligth Monthly 2 Clear Softlens Minus,lensa-kontak-minus
1267,Miss Celebrity Black 2 Color Softlens Minus,lensa-kontak-minus
1268,Morning Q UV 55 6 Clear Softlens Minus,lensa-kontak-minus
1269,Neo Cosmo Neo Clean Softlens Minus,lensa-kontak-minus
1270,New Bluk Black 2 Color Softlens Minus,lensa-kontak-minus
1271,New More Dubai Aquatic Blue 2 Color Softlens Minus,lensa-kontak-minus
1272,New More Dubai Pastel Blue 2 Color Softlens Minus,lensa-kontak-minus
1273,Newlook Charm Moisture Retention Blue 2 Color Softlens Minus,lensa-kontak-minus
1274,Newlook Playful Moisture Retention Blue 2 Color Softlens Minus,lensa-kontak-minus
1275,Newlook Wonder Black 2 Color Softlens Minus,lensa-kontak-minus
1276,Omega Biomoist UV Blue 6 Clear Softlens Minus (0.50-10.00),lensa-kontak-minus
1277,Omega Galaxy Big Eyes Black Stone 2 Color Soft Lens Minus,lensa-kontak-minus
1278,Omega My Color Black 2 Color Softlens Minus,lensa-kontak-minus
1279,Omega O2 Comfy 2 Clear Softlens Minus,lensa-kontak-minus
1280,Omega Oxi-Five 6 Clear Softlens Minus,lensa-kontak-minus
1281,Omega V3 Emma Blue 2 Color Soft Lens Minus,lensa-kontak-minus
1282,Options Colors Rusian Grey Softlens Natural Beauty Eyestyling Minus,lensa-kontak-minus
1283,Options Colors Rusian Olive Brown Softlens Natural Beauty Eyestyling Minus,lensa-kontak-minus
1284,Quita Ivy Grey Softlens Minus,lensa-kontak-minus
1285,Ruby Honey Brown 2 Color Softlens Minus,lensa-kontak-minus
1286,Savannah Fosil Grey 2 Color Softlens Minus,lensa-kontak-minus
1287,Seed 1 Day Pure Up 32 Clear Softlens Minus,lensa-kontak-minus
1288,She Super Star Amber 2 Color Softlens Minus,lensa-kontak-minus
1289,She Super Star Lyra 2 Color Softlens Minus,lensa-kontak-minus
1290,Shin Manga Karin Grey 2 Color Softlens Minus,lensa-kontak-minus
1291,Spex Symbol Colorthin Varian Dahlia Softlens Minus,lensa-kontak-minus
1292,Spex Symbol Girl Generation Arianna Softlens Minus,lensa-kontak-minus
1293,Spex Symbol Maliboo Coral By Exoticon Softlens Minus (1 Pcs),lensa-kontak-minus
1294,Spex Symbol X2 CH'I Bliss (Blue) Softlens Minus,lensa-kontak-minus
1295,Spex Symbol X2 Fame Cleopatra Softlens Minus,lensa-kontak-minus
1296,Starlet Ellegant Black 2 Color Softlens Minus,lensa-kontak-minus
1297,True Color Foxy Blue 2 Color Softlens Minus,lensa-kontak-minus
1298,VX Kiwi Green 2 Color Softlens Minus,lensa-kontak-minus
1299,Vanilla Choco 2 Color Softlens Minus,lensa-kontak-minus
1300,X2 1 Day Clear 30 Clear Softlens Minus,lensa-kontak-minus
1301,X2 Baby Eyes Bella 2 Color Softlens Minus,lensa-kontak-minus
1302,X2 Bio Black Shakyra 2 Color Softlens Minus,lensa-kontak-minus
1303,X2 Bio Color Blue 2 Color Softlens Minus,lensa-kontak-minus
1304,X2 Bio Four Chocolate Mousse 2 Color Softlens Minus,lensa-kontak-minus
1305,X2 Bio Glaze Na Azul 2 Color Softlens Minus,lensa-kontak-minus
1306,X2 Bio Lace Blue 2 Color Softlens Minus,lensa-kontak-minus
1307,X2 Chic Blue 2 Color Softlens Minus,lensa-kontak-minus
1308,X2 Diary Creamy Grey 2 Color Softlens Minus,lensa-kontak-minus
1309,X2 Extreme Avatar 2 Color Softlens Minus,lensa-kontak-minus
1310,X2 Extreme Helraiser 2 Color Softlens Minus,lensa-kontak-minus
1311,X2 Extreme Vampire 2 Color Softlens Minus,lensa-kontak-minus
1312,X2 Glam Aquamarine 2 Color Softlens Minus,lensa-kontak-minus
1313,X2 New Diva Blue 2 Color Softlens Minus,lensa-kontak-minus
1314,X2 Sanso Cappucino 2 Color Softlens Minus,lensa-kontak-minus
1315,X2 Sanso Clear 3 Clear Softlens Minus,lensa-kontak-minus
1316,X2 Sanso Color Black Ebony 2 Color Softlens Minus,lensa-kontak-minus
1317,X2 Seduction Claudy 2 Color Softlens Minus,lensa-kontak-minus
1318,X2 Stardust Aquila 2 Color Softlens Minus,lensa-kontak-minus
1319,X2 Stardust Aurora 2 Color Softlens - Optics,lensa-kontak-minus
1320,X2 Stardust Lyra 2 Color Softlens - Optics,lensa-kontak-minus
1321,X2 Stardust Vega 2 Color Softlens - Optics,lensa-kontak-minus
1322,X2 Yearly 3 Clear Softlens Minus,lensa-kontak-minus
1323,Zuhra Black 2 Color Softlens Minus,lensa-kontak-minus
1324,A+ New Hazel 2 Color Softlens Plano/No Minus,lensa-kontak-plano
1325,Adeeva Crystal Grey 2 Color Softlens Plano/No Minus,lensa-kontak-plano
1326,Adelle Choco Brown 2 Color Softlens Plano/No Minus,lensa-kontak-plano
1327,DC1 Softlens Mini Lapis Brown Plano/No Minus,lensa-kontak-plano
1328,Dueba Belle Black 2 Color Softlens Plano/No Minus,lensa-kontak-plano
1329,Dueba Plus Black 2 Color Softlens Plano/No Minus,lensa-kontak-plano
1330,Eyelovin Mite Clair Pure Moist Selene Brown Softlens Plano/No Minus,lensa-kontak-plano
1331,Eyelovin Mite Clair Pure Moist Selene Grey Softlens Plano/No Minus,lensa-kontak-plano
1332,Eyelovin Neo Cosmo Mendy Brown N024 Color Softlens Plano/No Minus,lensa-kontak-plano
1333,Eyelovin Neo Cosmo Mendy Grey N025 Color Softlens Plano/No Minus,lensa-kontak-plano
1334,Eyelovin Neo Cosmo Sage Brown Black N013 Color Softlens Plano/No Minus,lensa-kontak-plano
1335,Eyelovin Neo Cosmo Sage Xtra Black N259 Color Softlens Plano/No Minus,lensa-kontak-plano
1336,Eyelovin Neo Cosmo Sage Xtra Brown N254 Color Softlens Plano/No Minus,lensa-kontak-plano
1337,Eyelovin Neo Cosmo Sage Xtra Grey N255 Color Softlens Plano/No Minus,lensa-kontak-plano
1338,Eyelovin Neo Cosmo True Black N012 Color Softlens Plano/No Minus,lensa-kontak-plano
1339,Eyesight Bloominc Bluebell Black Softlens Plano/No Minus,lensa-kontak-plano
1340,Eyesight Bloominc Bluebell Brown Softlens Plano/No Minus,lensa-kontak-plano
1341,Eyesight Bloominc Bluebell Gray Softlens Plano/No Minus,lensa-kontak-plano
1342,Eyesight Bloominc Daisy Brown Softlens Plano/No Minus,lensa-kontak-plano
1343,Eyesight Bloominc Daisy Gray Softlens Plano/No Minus,lensa-kontak-plano
1344,Eyesight EOS Baby Black Softlens Plano/No Minus,lensa-kontak-plano
1345,Eyesight EOS Charming Brown Softlens Plano/No Minus,lensa-kontak-plano
1346,Eyesight EOS Coco Brown Softlens Plano/No Minus,lensa-kontak-plano
1347,Eyesight EOS Coco Gray Softlens Plano/No Minus,lensa-kontak-plano
1348,Eyesight EOS Coral Wood Hazel Softlens Plano/No Minus,lensa-kontak-plano
1349,Eyesight EOS Luna Gray Softlens Plano/No Minus,lensa-kontak-plano
1350,Eyesight EOS Luna Natural Almond Softlens Plano/No Minus,lensa-kontak-plano
1351,Eyesight EOS Luna Natural Aqua Softlens Plano/Minus,lensa-kontak-plano
1352,Eyesight EOS Luna Natural Cacao Softlens Plano/No Minus,lensa-kontak-plano
1353,Eyesight EOS Milky Choco Softlens Plano/No Minus,lensa-kontak-plano
1354,Eyesight EOS Milky Gray Softlens Plano/No Minus,lensa-kontak-plano
1355,Eyesight EOS Vonvon Brown Softlens Plano/No Minus,lensa-kontak-plano
1356,Eyesight EOS Vonvon Gray Softlens Plano/No Minus,lensa-kontak-plano
1357,Eyesight Kitty Kawaii Mini Ava Brown Softlens Plano/No Minus,lensa-kontak-plano
1358,Eyesight Kitty Kawaii Mini Ava Gray Softlens Plano/No Minus,lensa-kontak-plano
1359,Eyesight Kitty Kawaii Mini Cemore Gray Softlens Plano/No Minus,lensa-kontak-plano
1360,Eyesight Kitty Kawaii Mini Clean Black Softlens Plano/No Minus,lensa-kontak-plano
1361,Eyesight Kitty Kawaii Mini Clean Brown Softlens Plano/No Minus,lensa-kontak-plano
1362,Eyesight Kitty Kawaii Mini Ella Brown Softlens Plano/No Minus,lensa-kontak-plano
1363,Eyesight Kitty Kawaii Mini Ella Gray Softlens Plano/No Minus,lensa-kontak-plano
1364,Eyesight Kitty Kawaii Mini Kelly Brown Softlens Plano/No Minus,lensa-kontak-plano
1365,Eyesight Kitty Kawaii Mini Kelly Gray Softlens Plano/No Minus,lensa-kontak-plano
1366,Eyesight Kitty Kawaii Mini Olivia Brown Softlens Plano/No Minus,lensa-kontak-plano
1367,Eyesight Kitty Kawaii Mini Olivia Gray Softlens Plano/No Minus,lensa-kontak-plano
1368,Eyesight Kitty Kawaii Mini Olivia Light Brown Softlens Plano/No Minus,lensa-kontak-plano
1369,Eyesight Kitty Kawaii Mini Primo Brown Softlens Plano/No Minus,lensa-kontak-plano
1370,Eyesight Kitty Kawaii Mini Primo Gray Softlens Plano/No Minus,lensa-kontak-plano
1371,Eyesight Kitty Kawaii Mini Someday Brown Softlens Plano/No Minus,lensa-kontak-plano
1372,Eyesight Kitty Kawaii Mini Someday Gray Softlens Plano/No Minus,lensa-kontak-plano
1373,Eyesight Kitty Kawaii Mini Sunset Brown Softlens Plano/No Minus,lensa-kontak-plano
1374,Eyesight Kitty Kawaii Mini Sunset Gray Softlens Plano/No Minus,lensa-kontak-plano
1375,Eyesight Princess Moonlight Black Softlens Plano / No Minus,lensa-kontak-plano
1376,Eyesight Princess Moonlight Brown Softlens Plano / No Minus,lensa-kontak-plano
1377,Freshkon Colorfusion Monthly Baby Aqua 2 Color Softlens Plano/No Minus,lensa-kontak-plano
1378,Juliette Caesar Grey 2 Color Softlens Plano/No Minus,lensa-kontak-plano
1379,Kawai Gankyu Voxie Donut Brown Softlens Plano/No Minus,lensa-kontak-plano
1380,Kawai Gankyu Voxie Lily Brown Softlens Plano/No Minus,lensa-kontak-plano
1381,Kawai Gankyu Voxie Lily Gray Softlens Plano/No Minus,lensa-kontak-plano
1382,Kawai Gankyu Voxie Lunar Brown Softlens Plano/No Minus,lensa-kontak-plano
1383,Kawai Gankyu Voxie Lunar Gray Softlens Plano/No Minus,lensa-kontak-plano
